[2026-07-08 08:12:48 INF]  GymAffiliate API lista. Swagger: https://localhost:xxxx/
[2026-07-08 08:12:48 INF] Microsoft.AspNetCore.DataProtection.KeyManagement.XmlKeyManager User profile is available. Using 'C:\Users\Miguel Angel\AppData\Local\ASP.NET\DataProtection-Keys' as key repository and Windows DPAPI to encrypt keys at rest.
[2026-07-08 08:12:48 INF] Microsoft.Hosting.Lifetime Now listening on: https://localhost:7001
[2026-07-08 08:12:48 INF] Microsoft.Hosting.Lifetime Now listening on: http://localhost:5001
[2026-07-08 08:12:49 INF] Microsoft.Hosting.Lifetime Application started. Press Ctrl+C to shut down.
[2026-07-08 08:12:49 INF] Microsoft.Hosting.Lifetime Hosting environment: Development
[2026-07-08 08:12:49 INF] Microsoft.Hosting.Lifetime Content root path: C:\Users\Miguel Angel\Documents\DesarrollosC#\GymAffiliate_API\GymAffiliate\src\Api
[2026-07-08 08:12:50 INF] Microsoft.AspNetCore.Hosting.Diagnostics Request starting HTTP/2 GET https://localhost:7001/index.html - null null
[2026-07-08 08:12:51 INF] Microsoft.AspNetCore.Hosting.Diagnostics Request finished HTTP/2 GET https://localhost:7001/index.html - 200 null text/html;charset=utf-8 659.1792ms
[2026-07-08 08:12:51 INF] Microsoft.AspNetCore.Hosting.Diagnostics Request starting HTTP/2 GET https://localhost:7001/_framework/aspnetcore-browser-refresh.js - null null
[2026-07-08 08:12:51 INF] Microsoft.AspNetCore.Hosting.Diagnostics Request starting HTTP/2 GET https://localhost:7001/_vs/browserLink - null null
[2026-07-08 08:12:51 INF] Microsoft.AspNetCore.Hosting.Diagnostics Request finished HTTP/2 GET https://localhost:7001/_framework/aspnetcore-browser-refresh.js - 200 16517 application/javascript; charset=utf-8 23.3421ms
[2026-07-08 08:12:51 INF] Microsoft.AspNetCore.Hosting.Diagnostics Request finished HTTP/2 GET https://localhost:7001/_vs/browserLink - 200 null text/javascript; charset=UTF-8 151.1404ms
[2026-07-08 08:12:51 INF] Microsoft.AspNetCore.Hosting.Diagnostics Request starting HTTP/2 GET https://localhost:7001/swagger/v1/swagger.json - null null
[2026-07-08 08:12:51 INF] Microsoft.AspNetCore.Hosting.Diagnostics Request finished HTTP/2 GET https://localhost:7001/swagger/v1/swagger.json - 200 null application/json;charset=utf-8 36.7372ms
[2026-07-08 08:13:58 INF] Microsoft.AspNetCore.Hosting.Diagnostics Request starting HTTP/2 POST https://localhost:7001/api/auth/login - application/json 70
[2026-07-08 08:13:58 INF] Microsoft.AspNetCore.Cors.Infrastructure.CorsService CORS policy execution successful.
[2026-07-08 08:13:58 INF] Microsoft.AspNetCore.Routing.EndpointMiddleware Executing endpoint 'GymAffiliate.Api.Controllers.AuthController.Login (GymAffiliate.Api)'
[2026-07-08 08:13:58 INF] Microsoft.AspNetCore.Mvc.Infrastructure.ControllerActionInvoker Route matched with {action = "Login", controller = "Auth"}. Executing controller action with signature System.Threading.Tasks.Task`1[Microsoft.AspNetCore.Mvc.IActionResult] Login(GymAffiliate.Application.DTOs.Requests.LoginRequest, System.Threading.CancellationToken) on controller GymAffiliate.Api.Controllers.AuthController (GymAffiliate.Api).
[2026-07-08 08:13:59 INF] Microsoft.AspNetCore.Mvc.Infrastructure.ControllerActionInvoker Executing action method GymAffiliate.Api.Controllers.AuthController.Login (GymAffiliate.Api) - Validation state: "Valid"
[2026-07-08 08:14:33 INF] GymAffiliate.Infrastructure.Persistence.Repositories.AuthRepository Login exitoso. Username=admin, UserId=1
[2026-07-08 08:14:33 INF] GymAffiliate.Application.UseCases.Auth.LoginHandler Login exitoso UserId=1 Role=SUPERADMIN
[2026-07-08 08:14:37 INF] Microsoft.AspNetCore.Mvc.Infrastructure.ControllerActionInvoker Executed action method GymAffiliate.Api.Controllers.AuthController.Login (GymAffiliate.Api), returned result Microsoft.AspNetCore.Mvc.OkObjectResult in 38811.7662ms.
[2026-07-08 08:14:37 INF] Microsoft.AspNetCore.Mvc.Infrastructure.ObjectResultExecutor Executing OkObjectResult, writing value of type 'GymAffiliate.Shared.Result.ApiResponse`1[[GymAffiliate.Application.DTOs.Responses.LoginResponse, GymAffiliate.Application, Version=1.0.0.0, Culture=neutral, PublicKeyToken=null]]'.
[2026-07-08 08:14:38 INF] Microsoft.AspNetCore.Mvc.Infrastructure.ControllerActionInvoker Executed action GymAffiliate.Api.Controllers.AuthController.Login (GymAffiliate.Api) in 39052.7003ms
[2026-07-08 08:14:38 INF] Microsoft.AspNetCore.Routing.EndpointMiddleware Executed endpoint 'GymAffiliate.Api.Controllers.AuthController.Login (GymAffiliate.Api)'
[2026-07-08 08:14:38 INF] Serilog.AspNetCore.RequestLoggingMiddleware HTTP POST /api/auth/login → 200 (39214.7ms)
[2026-07-08 08:14:38 INF] Microsoft.AspNetCore.Hosting.Diagnostics Request finished HTTP/2 POST https://localhost:7001/api/auth/login - 200 null application/json; charset=utf-8 39266.1946ms
[2026-07-08 08:16:28 INF] Microsoft.AspNetCore.Hosting.Diagnostics Request starting HTTP/2 POST https://localhost:7001/api/auth/logout - application/json 131
[2026-07-08 08:16:28 INF] Microsoft.AspNetCore.Cors.Infrastructure.CorsService CORS policy execution successful.
[2026-07-08 08:16:28 INF] Microsoft.AspNetCore.Authorization.DefaultAuthorizationService Authorization failed. These requirements were not met:
DenyAnonymousAuthorizationRequirement: Requires an authenticated user.
[2026-07-08 08:16:28 INF] Microsoft.AspNetCore.Authentication.JwtBearer.JwtBearerHandler AuthenticationScheme: Bearer was challenged.
[2026-07-08 08:16:28 INF] Serilog.AspNetCore.RequestLoggingMiddleware HTTP POST /api/auth/logout → 401 (27.0ms)
[2026-07-08 08:16:28 INF] Microsoft.AspNetCore.Hosting.Diagnostics Request finished HTTP/2 POST https://localhost:7001/api/auth/logout - 401 null application/json 52.8931ms
[2026-07-08 08:17:48 INF] Microsoft.AspNetCore.Hosting.Diagnostics Request starting HTTP/2 POST https://localhost:7001/api/auth/logout - application/json 131
[2026-07-08 08:17:48 INF] Microsoft.AspNetCore.Cors.Infrastructure.CorsService CORS policy execution successful.
[2026-07-08 08:17:48 INF] Microsoft.AspNetCore.Authorization.DefaultAuthorizationService Authorization failed. These requirements were not met:
DenyAnonymousAuthorizationRequirement: Requires an authenticated user.
[2026-07-08 08:17:48 INF] Microsoft.AspNetCore.Authentication.JwtBearer.JwtBearerHandler AuthenticationScheme: Bearer was challenged.
[2026-07-08 08:17:48 INF] Serilog.AspNetCore.RequestLoggingMiddleware HTTP POST /api/auth/logout → 401 (16.2ms)
[2026-07-08 08:17:48 INF] Microsoft.AspNetCore.Hosting.Diagnostics Request finished HTTP/2 POST https://localhost:7001/api/auth/logout - 401 null application/json 28.8017ms
[2026-07-08 08:18:07 INF] Microsoft.AspNetCore.Hosting.Diagnostics Request starting HTTP/2 POST https://localhost:7001/api/auth/logout - application/json 131
[2026-07-08 08:18:07 INF] Microsoft.AspNetCore.Cors.Infrastructure.CorsService CORS policy execution successful.
[2026-07-08 08:18:07 INF] Microsoft.AspNetCore.Authorization.DefaultAuthorizationService Authorization failed. These requirements were not met:
DenyAnonymousAuthorizationRequirement: Requires an authenticated user.
[2026-07-08 08:18:07 INF] Microsoft.AspNetCore.Authentication.JwtBearer.JwtBearerHandler AuthenticationScheme: Bearer was challenged.
[2026-07-08 08:18:07 INF] Serilog.AspNetCore.RequestLoggingMiddleware HTTP POST /api/auth/logout → 401 (8.8ms)
[2026-07-08 08:18:07 INF] Microsoft.AspNetCore.Hosting.Diagnostics Request finished HTTP/2 POST https://localhost:7001/api/auth/logout - 401 null application/json 26.086ms
[2026-07-08 08:19:24 INF] Microsoft.AspNetCore.Hosting.Diagnostics Request starting HTTP/2 POST https://localhost:7001/api/auth/logout - application/json 131
[2026-07-08 08:19:24 INF] Microsoft.AspNetCore.Cors.Infrastructure.CorsService CORS policy execution successful.
[2026-07-08 08:19:24 INF] Microsoft.AspNetCore.Authorization.DefaultAuthorizationService Authorization failed. These requirements were not met:
DenyAnonymousAuthorizationRequirement: Requires an authenticated user.
[2026-07-08 08:19:24 INF] Microsoft.AspNetCore.Authentication.JwtBearer.JwtBearerHandler AuthenticationScheme: Bearer was challenged.
[2026-07-08 08:19:24 INF] Serilog.AspNetCore.RequestLoggingMiddleware HTTP POST /api/auth/logout → 401 (6.4ms)
[2026-07-08 08:19:24 INF] Microsoft.AspNetCore.Hosting.Diagnostics Request finished HTTP/2 POST https://localhost:7001/api/auth/logout - 401 null application/json 25.7526ms
[2026-07-08 08:25:03 INF]  GymAffiliate API lista. Swagger: https://localhost:xxxx/
[2026-07-08 08:25:03 INF] Microsoft.AspNetCore.DataProtection.KeyManagement.XmlKeyManager User profile is available. Using 'C:\Users\Miguel Angel\AppData\Local\ASP.NET\DataProtection-Keys' as key repository and Windows DPAPI to encrypt keys at rest.
[2026-07-08 08:25:04 INF] Microsoft.Hosting.Lifetime Now listening on: https://localhost:7001
[2026-07-08 08:25:04 INF] Microsoft.Hosting.Lifetime Now listening on: http://localhost:5001
[2026-07-08 08:25:04 INF] Microsoft.Hosting.Lifetime Application started. Press Ctrl+C to shut down.
[2026-07-08 08:25:04 INF] Microsoft.Hosting.Lifetime Hosting environment: Development
[2026-07-08 08:25:04 INF] Microsoft.Hosting.Lifetime Content root path: C:\Users\Miguel Angel\Documents\DesarrollosC#\GymAffiliate_API\GymAffiliate\src\Api
[2026-07-08 08:25:04 INF] Microsoft.AspNetCore.Hosting.Diagnostics Request starting HTTP/2 GET https://localhost:7001/index.html - null null
[2026-07-08 08:25:05 INF] Microsoft.AspNetCore.Hosting.Diagnostics Request finished HTTP/2 GET https://localhost:7001/index.html - 200 null text/html;charset=utf-8 867.0615ms
[2026-07-08 08:25:05 INF] Microsoft.AspNetCore.Hosting.Diagnostics Request starting HTTP/2 GET https://localhost:7001/_framework/aspnetcore-browser-refresh.js - null null
[2026-07-08 08:25:05 INF] Microsoft.AspNetCore.Hosting.Diagnostics Request starting HTTP/2 GET https://localhost:7001/_vs/browserLink - null null
[2026-07-08 08:25:05 INF] Microsoft.AspNetCore.Hosting.Diagnostics Request finished HTTP/2 GET https://localhost:7001/_framework/aspnetcore-browser-refresh.js - 200 16517 application/javascript; charset=utf-8 26.3833ms
[2026-07-08 08:25:05 INF] Microsoft.AspNetCore.Hosting.Diagnostics Request finished HTTP/2 GET https://localhost:7001/_vs/browserLink - 200 null text/javascript; charset=UTF-8 356.1844ms
[2026-07-08 08:25:06 INF] Microsoft.AspNetCore.Hosting.Diagnostics Request starting HTTP/2 GET https://localhost:7001/swagger/v1/swagger.json - null null
[2026-07-08 08:25:06 INF] Microsoft.AspNetCore.Hosting.Diagnostics Request finished HTTP/2 GET https://localhost:7001/swagger/v1/swagger.json - 200 null application/json;charset=utf-8 51.5088ms
[2026-07-08 08:25:20 INF] Microsoft.AspNetCore.Hosting.Diagnostics Request starting HTTP/2 POST https://localhost:7001/api/auth/logout - application/json 146
[2026-07-08 08:25:20 INF] Microsoft.AspNetCore.Cors.Infrastructure.CorsService CORS policy execution successful.
[2026-07-08 08:25:20 INF] Microsoft.AspNetCore.Authorization.DefaultAuthorizationService Authorization failed. These requirements were not met:
DenyAnonymousAuthorizationRequirement: Requires an authenticated user.
[2026-07-08 08:25:20 INF] Microsoft.AspNetCore.Authentication.JwtBearer.JwtBearerHandler AuthenticationScheme: Bearer was challenged.
[2026-07-08 08:25:20 INF] Serilog.AspNetCore.RequestLoggingMiddleware HTTP POST /api/auth/logout → 401 (91.4ms)
[2026-07-08 08:25:20 INF] Microsoft.AspNetCore.Hosting.Diagnostics Request finished HTTP/2 POST https://localhost:7001/api/auth/logout - 401 null application/json 124.4772ms
[2026-07-08 08:25:29 INF] Microsoft.AspNetCore.Hosting.Diagnostics Request starting HTTP/2 POST https://localhost:7001/api/auth/logout - application/json 146
[2026-07-08 08:25:29 INF] Microsoft.AspNetCore.Cors.Infrastructure.CorsService CORS policy execution successful.
[2026-07-08 08:25:29 INF] Microsoft.AspNetCore.Authorization.DefaultAuthorizationService Authorization failed. These requirements were not met:
DenyAnonymousAuthorizationRequirement: Requires an authenticated user.
[2026-07-08 08:25:29 INF] Microsoft.AspNetCore.Authentication.JwtBearer.JwtBearerHandler AuthenticationScheme: Bearer was challenged.
[2026-07-08 08:25:29 INF] Serilog.AspNetCore.RequestLoggingMiddleware HTTP POST /api/auth/logout → 401 (8.5ms)
[2026-07-08 08:25:30 INF] Microsoft.AspNetCore.Hosting.Diagnostics Request finished HTTP/2 POST https://localhost:7001/api/auth/logout - 401 null application/json 28.7388ms
[2026-07-08 08:31:36 INF] Microsoft.AspNetCore.Hosting.Diagnostics Request starting HTTP/2 POST https://localhost:7001/api/auth/logout - application/json 60
[2026-07-08 08:31:36 INF] Microsoft.AspNetCore.Cors.Infrastructure.CorsService CORS policy execution successful.
[2026-07-08 08:31:36 INF] Microsoft.AspNetCore.Authorization.DefaultAuthorizationService Authorization failed. These requirements were not met:
DenyAnonymousAuthorizationRequirement: Requires an authenticated user.
[2026-07-08 08:31:36 INF] Microsoft.AspNetCore.Authentication.JwtBearer.JwtBearerHandler AuthenticationScheme: Bearer was challenged.
[2026-07-08 08:31:36 INF] Serilog.AspNetCore.RequestLoggingMiddleware HTTP POST /api/auth/logout → 401 (13.9ms)
[2026-07-08 08:31:36 INF] Microsoft.AspNetCore.Hosting.Diagnostics Request finished HTTP/2 POST https://localhost:7001/api/auth/logout - 401 null application/json 35.1672ms
[2026-07-08 08:33:49 INF] Microsoft.AspNetCore.Hosting.Diagnostics Request starting HTTP/2 POST https://localhost:7001/api/auth/logout - application/json 60
[2026-07-08 08:33:49 INF] Microsoft.AspNetCore.Cors.Infrastructure.CorsService CORS policy execution successful.
[2026-07-08 08:33:49 INF] Microsoft.AspNetCore.Authorization.DefaultAuthorizationService Authorization failed. These requirements were not met:
DenyAnonymousAuthorizationRequirement: Requires an authenticated user.
[2026-07-08 08:33:49 INF] Microsoft.AspNetCore.Authentication.JwtBearer.JwtBearerHandler AuthenticationScheme: Bearer was challenged.
[2026-07-08 08:33:49 INF] Serilog.AspNetCore.RequestLoggingMiddleware HTTP POST /api/auth/logout → 401 (9.9ms)
[2026-07-08 08:33:49 INF] Microsoft.AspNetCore.Hosting.Diagnostics Request finished HTTP/2 POST https://localhost:7001/api/auth/logout - 401 null application/json 16.1373ms
[2026-07-08 08:33:52 INF] Microsoft.AspNetCore.Hosting.Diagnostics Request starting HTTP/2 POST https://localhost:7001/api/auth/logout - application/json 60
[2026-07-08 08:33:52 INF] Microsoft.AspNetCore.Cors.Infrastructure.CorsService CORS policy execution successful.
[2026-07-08 08:33:52 INF] Microsoft.AspNetCore.Authorization.DefaultAuthorizationService Authorization failed. These requirements were not met:
DenyAnonymousAuthorizationRequirement: Requires an authenticated user.
[2026-07-08 08:33:52 INF] Microsoft.AspNetCore.Authentication.JwtBearer.JwtBearerHandler AuthenticationScheme: Bearer was challenged.
[2026-07-08 08:33:52 INF] Serilog.AspNetCore.RequestLoggingMiddleware HTTP POST /api/auth/logout → 401 (6.8ms)
[2026-07-08 08:33:52 INF] Microsoft.AspNetCore.Hosting.Diagnostics Request finished HTTP/2 POST https://localhost:7001/api/auth/logout - 401 null application/json 23.961ms
[2026-07-08 08:34:01 INF] Microsoft.AspNetCore.Hosting.Diagnostics Request starting HTTP/2 POST https://localhost:7001/api/auth/logout - application/json 60
[2026-07-08 08:34:01 INF] Microsoft.AspNetCore.Cors.Infrastructure.CorsService CORS policy execution successful.
[2026-07-08 08:34:01 INF] Microsoft.AspNetCore.Authorization.DefaultAuthorizationService Authorization failed. These requirements were not met:
DenyAnonymousAuthorizationRequirement: Requires an authenticated user.
[2026-07-08 08:34:01 INF] Microsoft.AspNetCore.Authentication.JwtBearer.JwtBearerHandler AuthenticationScheme: Bearer was challenged.
[2026-07-08 08:34:01 INF] Serilog.AspNetCore.RequestLoggingMiddleware HTTP POST /api/auth/logout → 401 (2.5ms)
[2026-07-08 08:34:01 INF] Microsoft.AspNetCore.Hosting.Diagnostics Request finished HTTP/2 POST https://localhost:7001/api/auth/logout - 401 null application/json 11.7865ms
[2026-07-08 08:34:12 INF] Microsoft.AspNetCore.Hosting.Diagnostics Request starting HTTP/2 POST https://localhost:7001/api/auth/logout - application/json 60
[2026-07-08 08:34:12 INF] Microsoft.AspNetCore.Cors.Infrastructure.CorsService CORS policy execution successful.
[2026-07-08 08:34:12 INF] Microsoft.AspNetCore.Authorization.DefaultAuthorizationService Authorization failed. These requirements were not met:
DenyAnonymousAuthorizationRequirement: Requires an authenticated user.
[2026-07-08 08:37:57 INF] Microsoft.AspNetCore.Authentication.JwtBearer.JwtBearerHandler AuthenticationScheme: Bearer was challenged.
[2026-07-08 08:37:57 INF] Serilog.AspNetCore.RequestLoggingMiddleware HTTP POST /api/auth/logout → 401 (225611.6ms)
[2026-07-08 08:37:57 INF] Microsoft.AspNetCore.Hosting.Diagnostics Request finished HTTP/2 POST https://localhost:7001/api/auth/logout - 401 null application/json 225623.1755ms
[2026-07-08 08:38:00 INF] Microsoft.AspNetCore.Hosting.Diagnostics Request starting HTTP/2 POST https://localhost:7001/api/auth/logout - application/json 60
[2026-07-08 08:38:00 INF] Microsoft.AspNetCore.Cors.Infrastructure.CorsService CORS policy execution successful.
[2026-07-08 08:38:00 INF] Microsoft.AspNetCore.Authorization.DefaultAuthorizationService Authorization failed. These requirements were not met:
DenyAnonymousAuthorizationRequirement: Requires an authenticated user.
[2026-07-08 08:46:55 INF] Microsoft.AspNetCore.Authentication.JwtBearer.JwtBearerHandler AuthenticationScheme: Bearer was challenged.
[2026-07-08 08:46:55 INF] Serilog.AspNetCore.RequestLoggingMiddleware HTTP POST /api/auth/logout → 401 (535567.3ms)
[2026-07-08 08:46:55 INF] Microsoft.AspNetCore.Hosting.Diagnostics Request finished HTTP/2 POST https://localhost:7001/api/auth/logout - 401 null application/json 535581.8143ms
[2026-07-08 08:46:56 INF] Microsoft.AspNetCore.Hosting.Diagnostics Request starting HTTP/2 GET https://localhost:7001/index.html - null null
[2026-07-08 08:46:56 INF] Microsoft.AspNetCore.Hosting.Diagnostics Request finished HTTP/2 GET https://localhost:7001/index.html - 200 null text/html;charset=utf-8 56.998ms
[2026-07-08 08:46:56 INF] Microsoft.AspNetCore.Hosting.Diagnostics Request starting HTTP/2 GET https://localhost:7001/_framework/aspnetcore-browser-refresh.js - null null
[2026-07-08 08:46:56 INF] Microsoft.AspNetCore.Hosting.Diagnostics Request starting HTTP/2 GET https://localhost:7001/_vs/browserLink - null null
[2026-07-08 08:46:56 INF] Microsoft.AspNetCore.Hosting.Diagnostics Request finished HTTP/2 GET https://localhost:7001/_framework/aspnetcore-browser-refresh.js - 200 16517 application/javascript; charset=utf-8 6.8379ms
[2026-07-08 08:46:56 INF] Microsoft.AspNetCore.Hosting.Diagnostics Request finished HTTP/2 GET https://localhost:7001/_vs/browserLink - 200 null text/javascript; charset=UTF-8 48.1763ms
[2026-07-08 08:46:56 INF] Microsoft.AspNetCore.Hosting.Diagnostics Request starting HTTP/2 GET https://localhost:7001/swagger/v1/swagger.json - null null
[2026-07-08 08:46:56 INF] Microsoft.AspNetCore.Hosting.Diagnostics Request starting HTTP/2 GET https://localhost:7001/favicon-32x32.png - null null
[2026-07-08 08:46:56 INF] Microsoft.AspNetCore.StaticFiles.StaticFileMiddleware Sending file. Request path: '/favicon-32x32.png'. Physical path: 'N/A'
[2026-07-08 08:46:56 INF] Microsoft.AspNetCore.Hosting.Diagnostics Request finished HTTP/2 GET https://localhost:7001/favicon-32x32.png - 200 628 image/png 19.4486ms
[2026-07-08 08:46:56 INF] Microsoft.AspNetCore.Hosting.Diagnostics Request finished HTTP/2 GET https://localhost:7001/swagger/v1/swagger.json - 200 null application/json;charset=utf-8 23.4126ms
[2026-07-08 08:47:18 INF]  GymAffiliate API lista. Swagger: https://localhost:xxxx/
[2026-07-08 08:47:18 INF] Microsoft.AspNetCore.DataProtection.KeyManagement.XmlKeyManager User profile is available. Using 'C:\Users\Miguel Angel\AppData\Local\ASP.NET\DataProtection-Keys' as key repository and Windows DPAPI to encrypt keys at rest.
[2026-07-08 08:47:19 INF] Microsoft.Hosting.Lifetime Now listening on: https://localhost:7001
[2026-07-08 08:47:19 INF] Microsoft.Hosting.Lifetime Now listening on: http://localhost:5001
[2026-07-08 08:47:19 INF] Microsoft.Hosting.Lifetime Application started. Press Ctrl+C to shut down.
[2026-07-08 08:47:19 INF] Microsoft.Hosting.Lifetime Hosting environment: Development
[2026-07-08 08:47:19 INF] Microsoft.Hosting.Lifetime Content root path: C:\Users\Miguel Angel\Documents\DesarrollosC#\GymAffiliate_API\GymAffiliate\src\Api
[2026-07-08 08:47:19 INF] Microsoft.AspNetCore.Hosting.Diagnostics Request starting HTTP/2 GET https://localhost:7001/index.html - null null
[2026-07-08 08:47:20 INF] Microsoft.AspNetCore.Hosting.Diagnostics Request finished HTTP/2 GET https://localhost:7001/index.html - 200 null text/html;charset=utf-8 782.0529ms
[2026-07-08 08:47:20 INF] Microsoft.AspNetCore.Hosting.Diagnostics Request starting HTTP/2 GET https://localhost:7001/_framework/aspnetcore-browser-refresh.js - null null
[2026-07-08 08:47:20 INF] Microsoft.AspNetCore.Hosting.Diagnostics Request starting HTTP/2 GET https://localhost:7001/_vs/browserLink - null null
[2026-07-08 08:47:20 INF] Microsoft.AspNetCore.Hosting.Diagnostics Request finished HTTP/2 GET https://localhost:7001/_framework/aspnetcore-browser-refresh.js - 200 16517 application/javascript; charset=utf-8 17.8703ms
[2026-07-08 08:47:20 INF] Microsoft.AspNetCore.Hosting.Diagnostics Request finished HTTP/2 GET https://localhost:7001/_vs/browserLink - 200 null text/javascript; charset=UTF-8 132.7204ms
[2026-07-08 08:47:20 INF] Microsoft.AspNetCore.Hosting.Diagnostics Request starting HTTP/2 GET https://localhost:7001/swagger/v1/swagger.json - null null
[2026-07-08 08:47:20 INF] Microsoft.AspNetCore.Hosting.Diagnostics Request finished HTTP/2 GET https://localhost:7001/swagger/v1/swagger.json - 200 null application/json;charset=utf-8 89.9532ms
[2026-07-08 08:47:45 INF] Microsoft.AspNetCore.Hosting.Diagnostics Request starting HTTP/2 POST https://localhost:7001/api/auth/logout - application/json 146
[2026-07-08 08:47:45 INF] Microsoft.AspNetCore.Cors.Infrastructure.CorsService CORS policy execution successful.
[2026-07-08 08:47:45 INF] Microsoft.AspNetCore.Routing.EndpointMiddleware Executing endpoint 'GymAffiliate.Api.Controllers.AuthController.Logout (GymAffiliate.Api)'
[2026-07-08 08:47:45 INF] Microsoft.AspNetCore.Mvc.Infrastructure.ControllerActionInvoker Route matched with {action = "Logout", controller = "Auth"}. Executing controller action with signature System.Threading.Tasks.Task`1[Microsoft.AspNetCore.Mvc.IActionResult] Logout(GymAffiliate.Application.DTOs.Requests.LogoutRequest, System.Threading.CancellationToken) on controller GymAffiliate.Api.Controllers.AuthController (GymAffiliate.Api).
[2026-07-08 08:47:48 INF] Microsoft.AspNetCore.Mvc.Infrastructure.ControllerActionInvoker Executing action method GymAffiliate.Api.Controllers.AuthController.Logout (GymAffiliate.Api) - Validation state: "Valid"
[2026-07-08 08:48:07 INF] GymAffiliate.Infrastructure.Persistence.Repositories.AuthRepository Logout exitoso. UserId=null, RefreshToken=null
[2026-07-08 08:48:07 INF] GymAffiliate.Application.UseCases.Auth.LogoutHandler Logout UserId=null LogoutAll=true
[2026-07-08 08:48:07 INF] Microsoft.AspNetCore.Mvc.Infrastructure.ControllerActionInvoker Executed action method GymAffiliate.Api.Controllers.AuthController.Logout (GymAffiliate.Api), returned result Microsoft.AspNetCore.Mvc.OkObjectResult in 18600.7806ms.
[2026-07-08 08:48:07 INF] Microsoft.AspNetCore.Mvc.Infrastructure.ObjectResultExecutor Executing OkObjectResult, writing value of type 'GymAffiliate.Shared.Result.ApiResponse'.
[2026-07-08 08:48:07 INF] Microsoft.AspNetCore.Mvc.Infrastructure.ControllerActionInvoker Executed action GymAffiliate.Api.Controllers.AuthController.Logout (GymAffiliate.Api) in 21952.4215ms
[2026-07-08 08:48:07 INF] Microsoft.AspNetCore.Routing.EndpointMiddleware Executed endpoint 'GymAffiliate.Api.Controllers.AuthController.Logout (GymAffiliate.Api)'
[2026-07-08 08:48:07 INF] Serilog.AspNetCore.RequestLoggingMiddleware HTTP POST /api/auth/logout → 200 (22091.2ms)
[2026-07-08 08:48:07 INF] Microsoft.AspNetCore.Hosting.Diagnostics Request finished HTTP/2 POST https://localhost:7001/api/auth/logout - 200 null application/json; charset=utf-8 22127.5082ms
[2026-07-08 08:49:10 INF] Microsoft.AspNetCore.Hosting.Diagnostics Request starting HTTP/2 POST https://localhost:7001/api/auth/logout - application/json 146
[2026-07-08 08:49:10 INF] Microsoft.AspNetCore.Cors.Infrastructure.CorsService CORS policy execution successful.
[2026-07-08 08:49:10 INF] Microsoft.AspNetCore.Routing.EndpointMiddleware Executing endpoint 'GymAffiliate.Api.Controllers.AuthController.Logout (GymAffiliate.Api)'
[2026-07-08 08:49:10 INF] Microsoft.AspNetCore.Mvc.Infrastructure.ControllerActionInvoker Route matched with {action = "Logout", controller = "Auth"}. Executing controller action with signature System.Threading.Tasks.Task`1[Microsoft.AspNetCore.Mvc.IActionResult] Logout(GymAffiliate.Application.DTOs.Requests.LogoutRequest, System.Threading.CancellationToken) on controller GymAffiliate.Api.Controllers.AuthController (GymAffiliate.Api).
[2026-07-08 08:49:23 INF]  GymAffiliate API lista. Swagger: https://localhost:xxxx/
[2026-07-08 08:49:23 INF] Microsoft.AspNetCore.DataProtection.KeyManagement.XmlKeyManager User profile is available. Using 'C:\Users\Miguel Angel\AppData\Local\ASP.NET\DataProtection-Keys' as key repository and Windows DPAPI to encrypt keys at rest.
[2026-07-08 08:49:24 INF] Microsoft.Hosting.Lifetime Now listening on: https://localhost:7001
[2026-07-08 08:49:24 INF] Microsoft.Hosting.Lifetime Now listening on: http://localhost:5001
[2026-07-08 08:49:24 INF] Microsoft.Hosting.Lifetime Application started. Press Ctrl+C to shut down.
[2026-07-08 08:49:24 INF] Microsoft.Hosting.Lifetime Hosting environment: Development
[2026-07-08 08:49:24 INF] Microsoft.Hosting.Lifetime Content root path: C:\Users\Miguel Angel\Documents\DesarrollosC#\GymAffiliate_API\GymAffiliate\src\Api
[2026-07-08 08:49:24 INF] Microsoft.AspNetCore.Hosting.Diagnostics Request starting HTTP/2 GET https://localhost:7001/index.html - null null
[2026-07-08 08:49:25 INF] Microsoft.AspNetCore.Hosting.Diagnostics Request finished HTTP/2 GET https://localhost:7001/index.html - 200 null text/html;charset=utf-8 765.941ms
[2026-07-08 08:49:25 INF] Microsoft.AspNetCore.Hosting.Diagnostics Request starting HTTP/2 GET https://localhost:7001/_framework/aspnetcore-browser-refresh.js - null null
[2026-07-08 08:49:25 INF] Microsoft.AspNetCore.Hosting.Diagnostics Request starting HTTP/2 GET https://localhost:7001/_vs/browserLink - null null
[2026-07-08 08:49:25 INF] Microsoft.AspNetCore.Hosting.Diagnostics Request finished HTTP/2 GET https://localhost:7001/_framework/aspnetcore-browser-refresh.js - 200 16517 application/javascript; charset=utf-8 29.7338ms
[2026-07-08 08:49:25 INF] Microsoft.AspNetCore.Hosting.Diagnostics Request finished HTTP/2 GET https://localhost:7001/_vs/browserLink - 200 null text/javascript; charset=UTF-8 290.6501ms
[2026-07-08 08:49:26 INF] Microsoft.AspNetCore.Hosting.Diagnostics Request starting HTTP/2 GET https://localhost:7001/swagger/v1/swagger.json - null null
[2026-07-08 08:49:26 INF] Microsoft.AspNetCore.Hosting.Diagnostics Request finished HTTP/2 GET https://localhost:7001/swagger/v1/swagger.json - 200 null application/json;charset=utf-8 52.6563ms
[2026-07-08 08:49:39 INF] Microsoft.AspNetCore.Hosting.Diagnostics Request starting HTTP/2 POST https://localhost:7001/api/auth/logout - application/json 146
[2026-07-08 08:49:39 INF] Microsoft.AspNetCore.Cors.Infrastructure.CorsService CORS policy execution successful.
[2026-07-08 08:49:39 INF] Microsoft.AspNetCore.Authorization.DefaultAuthorizationService Authorization failed. These requirements were not met:
DenyAnonymousAuthorizationRequirement: Requires an authenticated user.
[2026-07-08 08:51:39 INF] Microsoft.AspNetCore.Authentication.JwtBearer.JwtBearerHandler AuthenticationScheme: Bearer was challenged.
[2026-07-08 08:51:39 INF] Microsoft.AspNetCore.Hosting.Diagnostics Request starting HTTP/2 POST https://localhost:7001/api/auth/login - application/json 66
[2026-07-08 08:51:39 INF] Serilog.AspNetCore.RequestLoggingMiddleware HTTP POST /api/auth/logout → 401 (119390.8ms)
[2026-07-08 08:51:39 INF] Microsoft.AspNetCore.Cors.Infrastructure.CorsService CORS policy execution successful.
[2026-07-08 08:51:39 INF] Microsoft.AspNetCore.Hosting.Diagnostics Request finished HTTP/2 POST https://localhost:7001/api/auth/logout - 401 null application/json 119427.6413ms
[2026-07-08 08:51:39 INF] Microsoft.AspNetCore.Routing.EndpointMiddleware Executing endpoint 'GymAffiliate.Api.Controllers.AuthController.Login (GymAffiliate.Api)'
[2026-07-08 08:51:39 INF] Microsoft.AspNetCore.Mvc.Infrastructure.ControllerActionInvoker Route matched with {action = "Login", controller = "Auth"}. Executing controller action with signature System.Threading.Tasks.Task`1[Microsoft.AspNetCore.Mvc.IActionResult] Login(GymAffiliate.Application.DTOs.Requests.LoginRequest, System.Threading.CancellationToken) on controller GymAffiliate.Api.Controllers.AuthController (GymAffiliate.Api).
[2026-07-08 08:51:39 INF] Microsoft.AspNetCore.Mvc.Infrastructure.ControllerActionInvoker Executing action method GymAffiliate.Api.Controllers.AuthController.Login (GymAffiliate.Api) - Validation state: "Valid"
[2026-07-08 08:51:43 INF] Microsoft.AspNetCore.Mvc.Infrastructure.ControllerActionInvoker Executed action method GymAffiliate.Api.Controllers.AuthController.Login (GymAffiliate.Api), returned result Microsoft.AspNetCore.Mvc.ObjectResult in 3943.5943ms.
[2026-07-08 08:51:43 INF] Microsoft.AspNetCore.Mvc.Infrastructure.ObjectResultExecutor Executing ObjectResult, writing value of type 'GymAffiliate.Shared.Result.ApiResponse`1[[GymAffiliate.Application.DTOs.Responses.LoginResponse, GymAffiliate.Application, Version=1.0.0.0, Culture=neutral, PublicKeyToken=null]]'.
[2026-07-08 08:51:43 INF] Microsoft.AspNetCore.Mvc.Infrastructure.ControllerActionInvoker Executed action GymAffiliate.Api.Controllers.AuthController.Login (GymAffiliate.Api) in 4146.2891ms
[2026-07-08 08:51:43 INF] Microsoft.AspNetCore.Routing.EndpointMiddleware Executed endpoint 'GymAffiliate.Api.Controllers.AuthController.Login (GymAffiliate.Api)'
[2026-07-08 08:51:43 INF] Serilog.AspNetCore.RequestLoggingMiddleware HTTP POST /api/auth/login → 401 (4202.0ms)
[2026-07-08 08:51:43 INF] Microsoft.AspNetCore.Hosting.Diagnostics Request finished HTTP/2 POST https://localhost:7001/api/auth/login - 401 null application/json; charset=utf-8 4229.7577ms
[2026-07-08 08:51:56 INF] Microsoft.AspNetCore.Hosting.Diagnostics Request starting HTTP/2 POST https://localhost:7001/api/auth/login - application/json 66
[2026-07-08 08:51:56 INF] Microsoft.AspNetCore.Cors.Infrastructure.CorsService CORS policy execution successful.
[2026-07-08 08:51:56 INF] Microsoft.AspNetCore.Routing.EndpointMiddleware Executing endpoint 'GymAffiliate.Api.Controllers.AuthController.Login (GymAffiliate.Api)'
[2026-07-08 08:51:56 INF] Microsoft.AspNetCore.Mvc.Infrastructure.ControllerActionInvoker Route matched with {action = "Login", controller = "Auth"}. Executing controller action with signature System.Threading.Tasks.Task`1[Microsoft.AspNetCore.Mvc.IActionResult] Login(GymAffiliate.Application.DTOs.Requests.LoginRequest, System.Threading.CancellationToken) on controller GymAffiliate.Api.Controllers.AuthController (GymAffiliate.Api).
[2026-07-08 08:51:56 INF] Microsoft.AspNetCore.Mvc.Infrastructure.ControllerActionInvoker Executing action method GymAffiliate.Api.Controllers.AuthController.Login (GymAffiliate.Api) - Validation state: "Valid"
[2026-07-08 08:51:59 INF] Microsoft.AspNetCore.Mvc.Infrastructure.ControllerActionInvoker Executed action method GymAffiliate.Api.Controllers.AuthController.Login (GymAffiliate.Api), returned result Microsoft.AspNetCore.Mvc.ObjectResult in 3442.0048ms.
[2026-07-08 08:51:59 INF] Microsoft.AspNetCore.Mvc.Infrastructure.ObjectResultExecutor Executing ObjectResult, writing value of type 'GymAffiliate.Shared.Result.ApiResponse`1[[GymAffiliate.Application.DTOs.Responses.LoginResponse, GymAffiliate.Application, Version=1.0.0.0, Culture=neutral, PublicKeyToken=null]]'.
[2026-07-08 08:51:59 INF] Microsoft.AspNetCore.Mvc.Infrastructure.ControllerActionInvoker Executed action GymAffiliate.Api.Controllers.AuthController.Login (GymAffiliate.Api) in 3476.0687ms
[2026-07-08 08:51:59 INF] Microsoft.AspNetCore.Routing.EndpointMiddleware Executed endpoint 'GymAffiliate.Api.Controllers.AuthController.Login (GymAffiliate.Api)'
[2026-07-08 08:51:59 INF] Serilog.AspNetCore.RequestLoggingMiddleware HTTP POST /api/auth/login → 401 (3488.2ms)
[2026-07-08 08:51:59 INF] Microsoft.AspNetCore.Hosting.Diagnostics Request finished HTTP/2 POST https://localhost:7001/api/auth/login - 401 null application/json; charset=utf-8 3520.012ms
[2026-07-08 08:52:09 INF] Microsoft.AspNetCore.Hosting.Diagnostics Request starting HTTP/2 POST https://localhost:7001/api/auth/login - application/json 70
[2026-07-08 08:52:09 INF] Microsoft.AspNetCore.Cors.Infrastructure.CorsService CORS policy execution successful.
[2026-07-08 08:52:09 INF] Microsoft.AspNetCore.Routing.EndpointMiddleware Executing endpoint 'GymAffiliate.Api.Controllers.AuthController.Login (GymAffiliate.Api)'
[2026-07-08 08:52:09 INF] Microsoft.AspNetCore.Mvc.Infrastructure.ControllerActionInvoker Route matched with {action = "Login", controller = "Auth"}. Executing controller action with signature System.Threading.Tasks.Task`1[Microsoft.AspNetCore.Mvc.IActionResult] Login(GymAffiliate.Application.DTOs.Requests.LoginRequest, System.Threading.CancellationToken) on controller GymAffiliate.Api.Controllers.AuthController (GymAffiliate.Api).
[2026-07-08 08:52:09 INF] Microsoft.AspNetCore.Mvc.Infrastructure.ControllerActionInvoker Executing action method GymAffiliate.Api.Controllers.AuthController.Login (GymAffiliate.Api) - Validation state: "Valid"
[2026-07-08 08:52:11 INF] GymAffiliate.Infrastructure.Persistence.Repositories.AuthRepository Login exitoso. Username=admin, UserId=1
[2026-07-08 08:52:11 INF] GymAffiliate.Application.UseCases.Auth.LoginHandler Login exitoso UserId=1 Role=SUPERADMIN
[2026-07-08 08:52:12 INF] Microsoft.AspNetCore.Mvc.Infrastructure.ControllerActionInvoker Executed action method GymAffiliate.Api.Controllers.AuthController.Login (GymAffiliate.Api), returned result Microsoft.AspNetCore.Mvc.OkObjectResult in 3722.2146ms.
[2026-07-08 08:52:12 INF] Microsoft.AspNetCore.Mvc.Infrastructure.ObjectResultExecutor Executing OkObjectResult, writing value of type 'GymAffiliate.Shared.Result.ApiResponse`1[[GymAffiliate.Application.DTOs.Responses.LoginResponse, GymAffiliate.Application, Version=1.0.0.0, Culture=neutral, PublicKeyToken=null]]'.
[2026-07-08 08:52:12 INF] Microsoft.AspNetCore.Mvc.Infrastructure.ControllerActionInvoker Executed action GymAffiliate.Api.Controllers.AuthController.Login (GymAffiliate.Api) in 3751.2198ms
[2026-07-08 08:52:12 INF] Microsoft.AspNetCore.Routing.EndpointMiddleware Executed endpoint 'GymAffiliate.Api.Controllers.AuthController.Login (GymAffiliate.Api)'
[2026-07-08 08:52:12 INF] Serilog.AspNetCore.RequestLoggingMiddleware HTTP POST /api/auth/login → 200 (3764.6ms)
[2026-07-08 08:52:12 INF] Microsoft.AspNetCore.Hosting.Diagnostics Request finished HTTP/2 POST https://localhost:7001/api/auth/login - 200 null application/json; charset=utf-8 3792.0696ms
[2026-07-08 08:53:21 INF] Microsoft.AspNetCore.Hosting.Diagnostics Request starting HTTP/2 POST https://localhost:7001/api/auth/logout - application/json 654
[2026-07-08 08:53:21 INF] Microsoft.AspNetCore.Cors.Infrastructure.CorsService CORS policy execution successful.
[2026-07-08 08:53:21 INF] Microsoft.AspNetCore.Authorization.DefaultAuthorizationService Authorization failed. These requirements were not met:
DenyAnonymousAuthorizationRequirement: Requires an authenticated user.
[2026-07-08 08:53:24 INF] Microsoft.AspNetCore.Authentication.JwtBearer.JwtBearerHandler AuthenticationScheme: Bearer was challenged.
[2026-07-08 08:53:24 INF] Serilog.AspNetCore.RequestLoggingMiddleware HTTP POST /api/auth/logout → 401 (2642.0ms)
[2026-07-08 08:53:24 INF] Microsoft.AspNetCore.Hosting.Diagnostics Request finished HTTP/2 POST https://localhost:7001/api/auth/logout - 401 null application/json 2657.7162ms
[2026-07-08 09:01:50 INF]  GymAffiliate API lista. Swagger: https://localhost:xxxx/
[2026-07-08 09:01:50 INF] Microsoft.AspNetCore.DataProtection.KeyManagement.XmlKeyManager User profile is available. Using 'C:\Users\Miguel Angel\AppData\Local\ASP.NET\DataProtection-Keys' as key repository and Windows DPAPI to encrypt keys at rest.
[2026-07-08 09:01:50 INF] Microsoft.Hosting.Lifetime Now listening on: https://localhost:7001
[2026-07-08 09:01:50 INF] Microsoft.Hosting.Lifetime Now listening on: http://localhost:5001
[2026-07-08 09:01:50 INF] Microsoft.Hosting.Lifetime Application started. Press Ctrl+C to shut down.
[2026-07-08 09:01:50 INF] Microsoft.Hosting.Lifetime Hosting environment: Development
[2026-07-08 09:01:50 INF] Microsoft.Hosting.Lifetime Content root path: C:\Users\Miguel Angel\Documents\DesarrollosC#\GymAffiliate_API\GymAffiliate\src\Api
[2026-07-08 09:01:51 INF] Microsoft.AspNetCore.Hosting.Diagnostics Request starting HTTP/2 GET https://localhost:7001/index.html - null null
[2026-07-08 09:01:52 INF] Microsoft.AspNetCore.Hosting.Diagnostics Request finished HTTP/2 GET https://localhost:7001/index.html - 200 null text/html;charset=utf-8 753.9589ms
[2026-07-08 09:01:52 INF] Microsoft.AspNetCore.Hosting.Diagnostics Request starting HTTP/2 GET https://localhost:7001/_framework/aspnetcore-browser-refresh.js - null null
[2026-07-08 09:01:52 INF] Microsoft.AspNetCore.Hosting.Diagnostics Request starting HTTP/2 GET https://localhost:7001/_vs/browserLink - null null
[2026-07-08 09:01:52 INF] Microsoft.AspNetCore.Hosting.Diagnostics Request finished HTTP/2 GET https://localhost:7001/_framework/aspnetcore-browser-refresh.js - 200 16517 application/javascript; charset=utf-8 26.5036ms
[2026-07-08 09:01:52 INF] Microsoft.AspNetCore.Hosting.Diagnostics Request finished HTTP/2 GET https://localhost:7001/_vs/browserLink - 200 null text/javascript; charset=UTF-8 200.3047ms
[2026-07-08 09:01:52 INF] Microsoft.AspNetCore.Hosting.Diagnostics Request starting HTTP/2 GET https://localhost:7001/swagger/v1/swagger.json - null null
[2026-07-08 09:01:52 INF] Microsoft.AspNetCore.Hosting.Diagnostics Request finished HTTP/2 GET https://localhost:7001/swagger/v1/swagger.json - 200 null application/json;charset=utf-8 46.5837ms
[2026-07-08 09:02:14 INF] Microsoft.AspNetCore.Hosting.Diagnostics Request starting HTTP/2 POST https://localhost:7001/api/auth/logout - application/json 146
[2026-07-08 09:02:14 INF] Microsoft.AspNetCore.Cors.Infrastructure.CorsService CORS policy execution successful.
[2026-07-08 09:02:14 INF] Microsoft.AspNetCore.Authorization.DefaultAuthorizationService Authorization failed. These requirements were not met:
DenyAnonymousAuthorizationRequirement: Requires an authenticated user.
[2026-07-08 09:02:18 INF] Microsoft.AspNetCore.Authentication.JwtBearer.JwtBearerHandler AuthenticationScheme: Bearer was challenged.
[2026-07-08 09:02:18 INF] Serilog.AspNetCore.RequestLoggingMiddleware HTTP POST /api/auth/logout → 401 (3601.0ms)
[2026-07-08 09:02:18 INF] Microsoft.AspNetCore.Hosting.Diagnostics Request finished HTTP/2 POST https://localhost:7001/api/auth/logout - 401 null application/json 3620.9523ms
[2026-07-08 09:09:02 INF]  GymAffiliate API lista. Swagger: https://localhost:xxxx/
[2026-07-08 09:09:03 INF] Microsoft.AspNetCore.DataProtection.KeyManagement.XmlKeyManager User profile is available. Using 'C:\Users\Miguel Angel\AppData\Local\ASP.NET\DataProtection-Keys' as key repository and Windows DPAPI to encrypt keys at rest.
[2026-07-08 09:09:03 INF] Microsoft.Hosting.Lifetime Now listening on: https://localhost:7001
[2026-07-08 09:09:03 INF] Microsoft.Hosting.Lifetime Now listening on: http://localhost:5001
[2026-07-08 09:09:03 INF] Microsoft.Hosting.Lifetime Application started. Press Ctrl+C to shut down.
[2026-07-08 09:09:03 INF] Microsoft.Hosting.Lifetime Hosting environment: Development
[2026-07-08 09:09:03 INF] Microsoft.Hosting.Lifetime Content root path: C:\Users\Miguel Angel\Documents\DesarrollosC#\GymAffiliate_API\GymAffiliate\src\Api
[2026-07-08 09:09:04 INF] Microsoft.AspNetCore.Hosting.Diagnostics Request starting HTTP/2 GET https://localhost:7001/index.html - null null
[2026-07-08 09:09:04 INF] Microsoft.AspNetCore.Hosting.Diagnostics Request finished HTTP/2 GET https://localhost:7001/index.html - 200 null text/html;charset=utf-8 787.5382ms
[2026-07-08 09:09:05 INF] Microsoft.AspNetCore.Hosting.Diagnostics Request starting HTTP/2 GET https://localhost:7001/_framework/aspnetcore-browser-refresh.js - null null
[2026-07-08 09:09:05 INF] Microsoft.AspNetCore.Hosting.Diagnostics Request starting HTTP/2 GET https://localhost:7001/_vs/browserLink - null null
[2026-07-08 09:09:05 INF] Microsoft.AspNetCore.Hosting.Diagnostics Request finished HTTP/2 GET https://localhost:7001/_framework/aspnetcore-browser-refresh.js - 200 16517 application/javascript; charset=utf-8 17.7191ms
[2026-07-08 09:09:05 INF] Microsoft.AspNetCore.Hosting.Diagnostics Request finished HTTP/2 GET https://localhost:7001/_vs/browserLink - 200 null text/javascript; charset=UTF-8 143.5765ms
[2026-07-08 09:09:05 INF] Microsoft.AspNetCore.Hosting.Diagnostics Request starting HTTP/2 GET https://localhost:7001/swagger/v1/swagger.json - null null
[2026-07-08 09:09:05 INF] Microsoft.AspNetCore.Hosting.Diagnostics Request finished HTTP/2 GET https://localhost:7001/swagger/v1/swagger.json - 200 null application/json;charset=utf-8 76.0547ms
[2026-07-08 09:09:21 INF] Microsoft.AspNetCore.Hosting.Diagnostics Request starting HTTP/2 POST https://localhost:7001/api/auth/logout - application/json 146
[2026-07-08 09:09:21 INF] Microsoft.AspNetCore.Cors.Infrastructure.CorsService CORS policy execution successful.
[2026-07-08 09:09:21 INF] Microsoft.AspNetCore.Authorization.DefaultAuthorizationService Authorization failed. These requirements were not met:
DenyAnonymousAuthorizationRequirement: Requires an authenticated user.
[2026-07-08 09:09:21 INF] Microsoft.AspNetCore.Authentication.JwtBearer.JwtBearerHandler AuthenticationScheme: Bearer was challenged.
[2026-07-08 09:09:21 INF] Serilog.AspNetCore.RequestLoggingMiddleware HTTP POST /api/auth/logout → 401 (65.7ms)
[2026-07-08 09:09:21 INF] Microsoft.AspNetCore.Hosting.Diagnostics Request finished HTTP/2 POST https://localhost:7001/api/auth/logout - 401 null application/json 103.1678ms
[2026-07-08 09:09:32 INF] Microsoft.AspNetCore.Hosting.Diagnostics Request starting HTTP/2 POST https://localhost:7001/api/auth/logout - application/json 146
[2026-07-08 09:09:32 INF] Microsoft.AspNetCore.Cors.Infrastructure.CorsService CORS policy execution successful.
[2026-07-08 09:09:32 INF] Microsoft.AspNetCore.Authorization.DefaultAuthorizationService Authorization failed. These requirements were not met:
DenyAnonymousAuthorizationRequirement: Requires an authenticated user.
[2026-07-08 09:14:34 INF]  GymAffiliate API lista. Swagger: https://localhost:xxxx/
[2026-07-08 09:14:34 INF] Microsoft.AspNetCore.DataProtection.KeyManagement.XmlKeyManager User profile is available. Using 'C:\Users\Miguel Angel\AppData\Local\ASP.NET\DataProtection-Keys' as key repository and Windows DPAPI to encrypt keys at rest.
[2026-07-08 09:14:34 INF] Microsoft.Hosting.Lifetime Now listening on: https://localhost:7001
[2026-07-08 09:14:34 INF] Microsoft.Hosting.Lifetime Now listening on: http://localhost:5001
[2026-07-08 09:14:34 INF] Microsoft.Hosting.Lifetime Application started. Press Ctrl+C to shut down.
[2026-07-08 09:14:34 INF] Microsoft.Hosting.Lifetime Hosting environment: Development
[2026-07-08 09:14:34 INF] Microsoft.Hosting.Lifetime Content root path: C:\Users\Miguel Angel\Documents\DesarrollosC#\GymAffiliate_API\GymAffiliate\src\Api
[2026-07-08 09:14:35 INF] Microsoft.AspNetCore.Hosting.Diagnostics Request starting HTTP/2 GET https://localhost:7001/index.html - null null
[2026-07-08 09:14:35 INF] Microsoft.AspNetCore.Hosting.Diagnostics Request finished HTTP/2 GET https://localhost:7001/index.html - 200 null text/html;charset=utf-8 247.0932ms
[2026-07-08 09:14:35 INF] Microsoft.AspNetCore.Hosting.Diagnostics Request starting HTTP/2 GET https://localhost:7001/_framework/aspnetcore-browser-refresh.js - null null
[2026-07-08 09:14:35 INF] Microsoft.AspNetCore.Hosting.Diagnostics Request starting HTTP/2 GET https://localhost:7001/_vs/browserLink - null null
[2026-07-08 09:14:35 INF] Microsoft.AspNetCore.Hosting.Diagnostics Request finished HTTP/2 GET https://localhost:7001/_framework/aspnetcore-browser-refresh.js - 200 16517 application/javascript; charset=utf-8 19.2233ms
[2026-07-08 09:14:35 INF] Microsoft.AspNetCore.Hosting.Diagnostics Request finished HTTP/2 GET https://localhost:7001/_vs/browserLink - 200 null text/javascript; charset=UTF-8 63.5142ms
[2026-07-08 09:14:35 INF] Microsoft.AspNetCore.Hosting.Diagnostics Request starting HTTP/2 GET https://localhost:7001/swagger/v1/swagger.json - null null
[2026-07-08 09:14:35 INF] Microsoft.AspNetCore.Hosting.Diagnostics Request finished HTTP/2 GET https://localhost:7001/swagger/v1/swagger.json - 200 null application/json;charset=utf-8 22.3787ms
[2026-07-08 09:14:56 INF] Microsoft.AspNetCore.Hosting.Diagnostics Request starting HTTP/2 POST https://localhost:7001/api/auth/logout - application/json 146
[2026-07-08 09:14:56 INF] Microsoft.AspNetCore.Cors.Infrastructure.CorsService CORS policy execution successful.
[2026-07-08 09:14:56 INF] Microsoft.AspNetCore.Authorization.DefaultAuthorizationService Authorization failed. These requirements were not met:
DenyAnonymousAuthorizationRequirement: Requires an authenticated user.
[2026-07-08 09:20:27 INF]  GymAffiliate API lista. Swagger: https://localhost:xxxx/
[2026-07-08 09:20:28 INF] Microsoft.AspNetCore.DataProtection.KeyManagement.XmlKeyManager User profile is available. Using 'C:\Users\Miguel Angel\AppData\Local\ASP.NET\DataProtection-Keys' as key repository and Windows DPAPI to encrypt keys at rest.
[2026-07-08 09:20:28 INF] Microsoft.Hosting.Lifetime Now listening on: https://localhost:7001
[2026-07-08 09:20:28 INF] Microsoft.Hosting.Lifetime Now listening on: http://localhost:5001
[2026-07-08 09:20:28 INF] Microsoft.Hosting.Lifetime Application started. Press Ctrl+C to shut down.
[2026-07-08 09:20:28 INF] Microsoft.Hosting.Lifetime Hosting environment: Development
[2026-07-08 09:20:28 INF] Microsoft.Hosting.Lifetime Content root path: C:\Users\Miguel Angel\Documents\DesarrollosC#\GymAffiliate_API\GymAffiliate\src\Api
[2026-07-08 09:20:28 INF] Microsoft.AspNetCore.Hosting.Diagnostics Request starting HTTP/2 GET https://localhost:7001/index.html - null null
[2026-07-08 09:20:29 INF] Microsoft.AspNetCore.Hosting.Diagnostics Request finished HTTP/2 GET https://localhost:7001/index.html - 200 null text/html;charset=utf-8 375.6526ms
[2026-07-08 09:20:29 INF] Microsoft.AspNetCore.Hosting.Diagnostics Request starting HTTP/2 GET https://localhost:7001/_framework/aspnetcore-browser-refresh.js - null null
[2026-07-08 09:20:29 INF] Microsoft.AspNetCore.Hosting.Diagnostics Request starting HTTP/2 GET https://localhost:7001/_vs/browserLink - null null
[2026-07-08 09:20:29 INF] Microsoft.AspNetCore.Hosting.Diagnostics Request finished HTTP/2 GET https://localhost:7001/_framework/aspnetcore-browser-refresh.js - 200 16517 application/javascript; charset=utf-8 13.5987ms
[2026-07-08 09:20:29 INF] Microsoft.AspNetCore.Hosting.Diagnostics Request finished HTTP/2 GET https://localhost:7001/_vs/browserLink - 200 null text/javascript; charset=UTF-8 80.421ms
[2026-07-08 09:20:29 INF] Microsoft.AspNetCore.Hosting.Diagnostics Request starting HTTP/2 GET https://localhost:7001/swagger/v1/swagger.json - null null
[2026-07-08 09:20:29 INF] Microsoft.AspNetCore.Hosting.Diagnostics Request finished HTTP/2 GET https://localhost:7001/swagger/v1/swagger.json - 200 null application/json;charset=utf-8 53.2332ms
[2026-07-08 09:20:47 INF] Microsoft.AspNetCore.Hosting.Diagnostics Request starting HTTP/2 POST https://localhost:7001/api/auth/logout - application/json 146
[2026-07-08 09:20:47 INF] Microsoft.AspNetCore.Cors.Infrastructure.CorsService CORS policy execution successful.
[2026-07-08 09:20:47 INF] Microsoft.AspNetCore.Authorization.DefaultAuthorizationService Authorization failed. These requirements were not met:
DenyAnonymousAuthorizationRequirement: Requires an authenticated user.
[2026-07-08 09:20:53 INF] Microsoft.AspNetCore.Authentication.JwtBearer.JwtBearerHandler AuthenticationScheme: Bearer was challenged.
[2026-07-08 09:20:53 INF] Serilog.AspNetCore.RequestLoggingMiddleware HTTP POST /api/auth/logout → 401 (6491.1ms)
[2026-07-08 09:20:53 INF] Microsoft.AspNetCore.Hosting.Diagnostics Request finished HTTP/2 POST https://localhost:7001/api/auth/logout - 401 null application/json 6515.2964ms
[2026-07-08 09:26:23 INF]  GymAffiliate API lista. Swagger: https://localhost:xxxx/
[2026-07-08 09:26:23 INF] Microsoft.AspNetCore.DataProtection.KeyManagement.XmlKeyManager User profile is available. Using 'C:\Users\Miguel Angel\AppData\Local\ASP.NET\DataProtection-Keys' as key repository and Windows DPAPI to encrypt keys at rest.
[2026-07-08 09:26:24 INF] Microsoft.Hosting.Lifetime Now listening on: https://localhost:7001
[2026-07-08 09:26:24 INF] Microsoft.Hosting.Lifetime Now listening on: http://localhost:5001
[2026-07-08 09:26:24 INF] Microsoft.Hosting.Lifetime Application started. Press Ctrl+C to shut down.
[2026-07-08 09:26:24 INF] Microsoft.Hosting.Lifetime Hosting environment: Development
[2026-07-08 09:26:24 INF] Microsoft.Hosting.Lifetime Content root path: C:\Users\Miguel Angel\Documents\DesarrollosC#\GymAffiliate_API\GymAffiliate\src\Api
[2026-07-08 09:26:25 INF] Microsoft.AspNetCore.Hosting.Diagnostics Request starting HTTP/2 GET https://localhost:7001/index.html - null null
[2026-07-08 09:26:25 INF] Microsoft.AspNetCore.Hosting.Diagnostics Request finished HTTP/2 GET https://localhost:7001/index.html - 200 null text/html;charset=utf-8 698.2333ms
[2026-07-08 09:26:25 INF] Microsoft.AspNetCore.Hosting.Diagnostics Request starting HTTP/2 GET https://localhost:7001/_framework/aspnetcore-browser-refresh.js - null null
[2026-07-08 09:26:25 INF] Microsoft.AspNetCore.Hosting.Diagnostics Request starting HTTP/2 GET https://localhost:7001/_vs/browserLink - null null
[2026-07-08 09:26:25 INF] Microsoft.AspNetCore.Hosting.Diagnostics Request finished HTTP/2 GET https://localhost:7001/_framework/aspnetcore-browser-refresh.js - 200 16517 application/javascript; charset=utf-8 15.2469ms
[2026-07-08 09:26:26 INF] Microsoft.AspNetCore.Hosting.Diagnostics Request finished HTTP/2 GET https://localhost:7001/_vs/browserLink - 200 null text/javascript; charset=UTF-8 312.6805ms
[2026-07-08 09:26:26 INF] Microsoft.AspNetCore.Hosting.Diagnostics Request starting HTTP/2 GET https://localhost:7001/swagger/v1/swagger.json - null null
[2026-07-08 09:26:26 INF] Microsoft.AspNetCore.Hosting.Diagnostics Request finished HTTP/2 GET https://localhost:7001/swagger/v1/swagger.json - 200 null application/json;charset=utf-8 55.4878ms
[2026-07-08 09:26:49 INF] Microsoft.AspNetCore.Hosting.Diagnostics Request starting HTTP/2 POST https://localhost:7001/api/auth/logout - application/json 146
[2026-07-08 09:26:49 INF] Microsoft.AspNetCore.Cors.Infrastructure.CorsService CORS policy execution successful.
[2026-07-08 09:26:49 INF] Microsoft.AspNetCore.Authorization.DefaultAuthorizationService Authorization failed. These requirements were not met:
DenyAnonymousAuthorizationRequirement: Requires an authenticated user.
[2026-07-08 09:27:50 INF] Microsoft.AspNetCore.Authentication.JwtBearer.JwtBearerHandler AuthenticationScheme: Bearer was challenged.
[2026-07-08 09:27:51 INF] Serilog.AspNetCore.RequestLoggingMiddleware HTTP POST /api/auth/logout → 401 (61735.5ms)
[2026-07-08 09:27:51 INF] Microsoft.AspNetCore.Hosting.Diagnostics Request finished HTTP/2 POST https://localhost:7001/api/auth/logout - 401 null application/json 61766.498ms
[2026-07-08 09:27:55 INF] Microsoft.AspNetCore.Hosting.Diagnostics Request starting HTTP/2 POST https://localhost:7001/api/auth/logout - application/json 146
[2026-07-08 09:27:55 INF] Microsoft.AspNetCore.Cors.Infrastructure.CorsService CORS policy execution successful.
[2026-07-08 09:27:55 INF] Microsoft.AspNetCore.Authorization.DefaultAuthorizationService Authorization failed. These requirements were not met:
DenyAnonymousAuthorizationRequirement: Requires an authenticated user.
[2026-07-08 09:30:24 INF]  GymAffiliate API lista. Swagger: https://localhost:xxxx/
[2026-07-08 09:30:24 INF] Microsoft.AspNetCore.DataProtection.KeyManagement.XmlKeyManager User profile is available. Using 'C:\Users\Miguel Angel\AppData\Local\ASP.NET\DataProtection-Keys' as key repository and Windows DPAPI to encrypt keys at rest.
[2026-07-08 09:30:25 INF] Microsoft.Hosting.Lifetime Now listening on: https://localhost:7001
[2026-07-08 09:30:25 INF] Microsoft.Hosting.Lifetime Now listening on: http://localhost:5001
[2026-07-08 09:30:25 INF] Microsoft.Hosting.Lifetime Application started. Press Ctrl+C to shut down.
[2026-07-08 09:30:25 INF] Microsoft.Hosting.Lifetime Hosting environment: Development
[2026-07-08 09:30:25 INF] Microsoft.Hosting.Lifetime Content root path: C:\Users\Miguel Angel\Documents\DesarrollosC#\GymAffiliate_API\GymAffiliate\src\Api
[2026-07-08 09:30:25 INF] Microsoft.AspNetCore.Hosting.Diagnostics Request starting HTTP/2 GET https://localhost:7001/index.html - null null
[2026-07-08 09:30:26 INF] Microsoft.AspNetCore.Hosting.Diagnostics Request finished HTTP/2 GET https://localhost:7001/index.html - 200 null text/html;charset=utf-8 914.3557ms
[2026-07-08 09:30:26 INF] Microsoft.AspNetCore.Hosting.Diagnostics Request starting HTTP/2 GET https://localhost:7001/_framework/aspnetcore-browser-refresh.js - null null
[2026-07-08 09:30:26 INF] Microsoft.AspNetCore.Hosting.Diagnostics Request starting HTTP/2 GET https://localhost:7001/_vs/browserLink - null null
[2026-07-08 09:30:26 INF] Microsoft.AspNetCore.Hosting.Diagnostics Request finished HTTP/2 GET https://localhost:7001/_framework/aspnetcore-browser-refresh.js - 200 16517 application/javascript; charset=utf-8 45.6488ms
[2026-07-08 09:30:26 INF] Microsoft.AspNetCore.Hosting.Diagnostics Request finished HTTP/2 GET https://localhost:7001/_vs/browserLink - 200 null text/javascript; charset=UTF-8 136.7151ms
[2026-07-08 09:30:26 INF] Microsoft.AspNetCore.Hosting.Diagnostics Request starting HTTP/2 GET https://localhost:7001/swagger/v1/swagger.json - null null
[2026-07-08 09:30:26 INF] Microsoft.AspNetCore.Hosting.Diagnostics Request finished HTTP/2 GET https://localhost:7001/swagger/v1/swagger.json - 200 null application/json;charset=utf-8 53.631ms
[2026-07-08 09:30:40 INF] Microsoft.AspNetCore.Hosting.Diagnostics Request starting HTTP/2 POST https://localhost:7001/api/auth/logout - application/json 146
[2026-07-08 09:30:40 INF] Microsoft.AspNetCore.Cors.Infrastructure.CorsService CORS policy execution successful.
[2026-07-08 09:30:48 INF] Microsoft.AspNetCore.Authorization.DefaultAuthorizationService Authorization failed. These requirements were not met:
DenyAnonymousAuthorizationRequirement: Requires an authenticated user.
[2026-07-08 09:31:02 INF] Microsoft.AspNetCore.Authentication.JwtBearer.JwtBearerHandler AuthenticationScheme: Bearer was challenged.
[2026-07-08 09:31:02 INF] Serilog.AspNetCore.RequestLoggingMiddleware HTTP POST /api/auth/logout → 401 (22253.6ms)
[2026-07-08 09:31:02 INF] Microsoft.AspNetCore.Hosting.Diagnostics Request finished HTTP/2 POST https://localhost:7001/api/auth/logout - 401 null application/json 22302.0673ms
[2026-07-08 09:31:06 INF] Microsoft.AspNetCore.Hosting.Diagnostics Request starting HTTP/2 POST https://localhost:7001/api/auth/logout - application/json 146
[2026-07-08 09:31:06 INF] Microsoft.AspNetCore.Cors.Infrastructure.CorsService CORS policy execution successful.
[2026-07-08 09:31:06 INF] Microsoft.AspNetCore.Authorization.DefaultAuthorizationService Authorization failed. These requirements were not met:
DenyAnonymousAuthorizationRequirement: Requires an authenticated user.
[2026-07-08 09:36:12 INF] Microsoft.AspNetCore.Authentication.JwtBearer.JwtBearerHandler AuthenticationScheme: Bearer was challenged.
[2026-07-08 09:36:12 INF] Serilog.AspNetCore.RequestLoggingMiddleware HTTP POST /api/auth/logout → 401 (306350.7ms)
[2026-07-08 09:36:12 INF] Microsoft.AspNetCore.Hosting.Diagnostics Request finished HTTP/2 POST https://localhost:7001/api/auth/logout - 401 null application/json 306368.4436ms
[2026-07-08 09:36:14 INF] Microsoft.AspNetCore.Hosting.Diagnostics Request starting HTTP/2 POST https://localhost:7001/api/auth/logout - application/json 146
[2026-07-08 09:36:14 INF] Microsoft.AspNetCore.Cors.Infrastructure.CorsService CORS policy execution successful.
[2026-07-08 09:36:14 INF] Microsoft.AspNetCore.Authorization.DefaultAuthorizationService Authorization failed. These requirements were not met:
DenyAnonymousAuthorizationRequirement: Requires an authenticated user.
[2026-07-08 09:36:28 INF] Microsoft.AspNetCore.Authentication.JwtBearer.JwtBearerHandler AuthenticationScheme: Bearer was challenged.
[2026-07-08 09:36:35 INF] Serilog.AspNetCore.RequestLoggingMiddleware HTTP POST /api/auth/logout → 401 (20619.6ms)
[2026-07-08 09:36:35 INF] Microsoft.AspNetCore.Hosting.Diagnostics Request finished HTTP/2 POST https://localhost:7001/api/auth/logout - 401 null application/json 20637.4409ms
[2026-07-08 09:41:55 INF]  GymAffiliate API lista. Swagger: https://localhost:xxxx/
[2026-07-08 09:41:55 INF] Microsoft.AspNetCore.DataProtection.KeyManagement.XmlKeyManager User profile is available. Using 'C:\Users\Miguel Angel\AppData\Local\ASP.NET\DataProtection-Keys' as key repository and Windows DPAPI to encrypt keys at rest.
[2026-07-08 09:41:56 INF] Microsoft.Hosting.Lifetime Now listening on: https://localhost:7001
[2026-07-08 09:41:56 INF] Microsoft.Hosting.Lifetime Now listening on: http://localhost:5001
[2026-07-08 09:41:56 INF] Microsoft.Hosting.Lifetime Application started. Press Ctrl+C to shut down.
[2026-07-08 09:41:56 INF] Microsoft.Hosting.Lifetime Hosting environment: Development
[2026-07-08 09:41:56 INF] Microsoft.Hosting.Lifetime Content root path: C:\Users\Miguel Angel\Documents\DesarrollosC#\GymAffiliate_API\GymAffiliate\src\Api
[2026-07-08 09:41:57 INF] Microsoft.AspNetCore.Hosting.Diagnostics Request starting HTTP/2 GET https://localhost:7001/index.html - null null
[2026-07-08 09:41:58 INF] Microsoft.AspNetCore.Hosting.Diagnostics Request finished HTTP/2 GET https://localhost:7001/index.html - 200 null text/html;charset=utf-8 1127.9375ms
[2026-07-08 09:41:58 INF] Microsoft.AspNetCore.Hosting.Diagnostics Request starting HTTP/2 GET https://localhost:7001/_framework/aspnetcore-browser-refresh.js - null null
[2026-07-08 09:41:58 INF] Microsoft.AspNetCore.Hosting.Diagnostics Request starting HTTP/2 GET https://localhost:7001/_vs/browserLink - null null
[2026-07-08 09:41:58 INF] Microsoft.AspNetCore.Hosting.Diagnostics Request finished HTTP/2 GET https://localhost:7001/_framework/aspnetcore-browser-refresh.js - 200 16517 application/javascript; charset=utf-8 23.5083ms
[2026-07-08 09:41:58 INF] Microsoft.AspNetCore.Hosting.Diagnostics Request finished HTTP/2 GET https://localhost:7001/_vs/browserLink - 200 null text/javascript; charset=UTF-8 219.2478ms
[2026-07-08 09:41:58 INF] Microsoft.AspNetCore.Hosting.Diagnostics Request starting HTTP/2 GET https://localhost:7001/swagger/v1/swagger.json - null null
[2026-07-08 09:41:59 INF] Microsoft.AspNetCore.Hosting.Diagnostics Request finished HTTP/2 GET https://localhost:7001/swagger/v1/swagger.json - 200 null application/json;charset=utf-8 116.9953ms
[2026-07-08 09:42:24 INF] Microsoft.AspNetCore.Hosting.Diagnostics Request starting HTTP/2 POST https://localhost:7001/api/auth/logout - application/json 146
[2026-07-08 09:42:24 INF] Microsoft.AspNetCore.Cors.Infrastructure.CorsService CORS policy execution successful.
[2026-07-08 09:42:24 INF] Microsoft.AspNetCore.Authorization.DefaultAuthorizationService Authorization failed. These requirements were not met:
DenyAnonymousAuthorizationRequirement: Requires an authenticated user.
[2026-07-08 09:45:25 INF] Microsoft.AspNetCore.Authentication.JwtBearer.JwtBearerHandler AuthenticationScheme: Bearer was challenged.
[2026-07-08 09:45:25 INF] Serilog.AspNetCore.RequestLoggingMiddleware HTTP POST /api/auth/logout → 401 (181376.8ms)
[2026-07-08 09:45:25 INF] Microsoft.AspNetCore.Hosting.Diagnostics Request finished HTTP/2 POST https://localhost:7001/api/auth/logout - 401 null application/json 181448.3385ms
[2026-07-08 09:45:30 INF] Microsoft.AspNetCore.Hosting.Diagnostics Request starting HTTP/2 POST https://localhost:7001/api/auth/logout - application/json 146
[2026-07-08 09:45:30 INF] Microsoft.AspNetCore.Cors.Infrastructure.CorsService CORS policy execution successful.
[2026-07-08 09:45:30 INF] Microsoft.AspNetCore.Authentication.JwtBearer.JwtBearerHandler Failed to validate the token.
Microsoft.IdentityModel.Tokens.SecurityTokenMalformedException: IDX14100: JWT is not well formed, there are no dots (.).
The token needs to be in JWS or JWE Compact Serialization Format. (JWS): 'EncodedHeader.EncodedPayload.EncodedSignature'. (JWE): 'EncodedProtectedHeader.EncodedEncryptedKey.EncodedInitializationVector.EncodedCiphertext.EncodedAuthenticationTag'.
   at Microsoft.IdentityModel.JsonWebTokens.JsonWebToken.ReadToken(ReadOnlyMemory`1 encodedTokenMemory)
   at Microsoft.IdentityModel.JsonWebTokens.JsonWebToken..ctor(String jwtEncodedString, TryReadJwtClaim tryReadJwtClaim)
   at Microsoft.IdentityModel.JsonWebTokens.JsonWebTokenHandler.ReadToken(String token, TokenValidationParameters validationParameters)
[2026-07-08 09:45:30 INF] Microsoft.AspNetCore.Authentication.JwtBearer.JwtBearerHandler Bearer was not authenticated. Failure message: IDX14100: JWT is not well formed, there are no dots (.).
The token needs to be in JWS or JWE Compact Serialization Format. (JWS): 'EncodedHeader.EncodedPayload.EncodedSignature'. (JWE): 'EncodedProtectedHeader.EncodedEncryptedKey.EncodedInitializationVector.EncodedCiphertext.EncodedAuthenticationTag'.
[2026-07-08 09:45:30 INF] Microsoft.AspNetCore.Authorization.DefaultAuthorizationService Authorization failed. These requirements were not met:
DenyAnonymousAuthorizationRequirement: Requires an authenticated user.
[2026-07-08 09:45:33 INF] Microsoft.AspNetCore.Authentication.JwtBearer.JwtBearerHandler AuthenticationScheme: Bearer was challenged.
[2026-07-08 09:45:33 INF] Serilog.AspNetCore.RequestLoggingMiddleware HTTP POST /api/auth/logout → 401 (2657.4ms)
[2026-07-08 09:45:33 INF] Microsoft.AspNetCore.Hosting.Diagnostics Request finished HTTP/2 POST https://localhost:7001/api/auth/logout - 401 null application/json 2685.8201ms
[2026-07-08 09:45:59 INF] Microsoft.AspNetCore.Hosting.Diagnostics Request starting HTTP/2 POST https://localhost:7001/api/auth/logout - application/json 146
[2026-07-08 09:45:59 INF] Microsoft.AspNetCore.Cors.Infrastructure.CorsService CORS policy execution successful.
[2026-07-08 09:45:59 INF] Microsoft.AspNetCore.Authentication.JwtBearer.JwtBearerHandler Failed to validate the token.
Microsoft.IdentityModel.Tokens.SecurityTokenMalformedException: IDX14100: JWT is not well formed, there are no dots (.).
The token needs to be in JWS or JWE Compact Serialization Format. (JWS): 'EncodedHeader.EncodedPayload.EncodedSignature'. (JWE): 'EncodedProtectedHeader.EncodedEncryptedKey.EncodedInitializationVector.EncodedCiphertext.EncodedAuthenticationTag'.
   at Microsoft.IdentityModel.JsonWebTokens.JsonWebToken.ReadToken(ReadOnlyMemory`1 encodedTokenMemory)
   at Microsoft.IdentityModel.JsonWebTokens.JsonWebToken..ctor(String jwtEncodedString, TryReadJwtClaim tryReadJwtClaim)
   at Microsoft.IdentityModel.JsonWebTokens.JsonWebTokenHandler.ReadToken(String token, TokenValidationParameters validationParameters)
[2026-07-08 09:45:59 INF] Microsoft.AspNetCore.Authentication.JwtBearer.JwtBearerHandler Bearer was not authenticated. Failure message: IDX14100: JWT is not well formed, there are no dots (.).
The token needs to be in JWS or JWE Compact Serialization Format. (JWS): 'EncodedHeader.EncodedPayload.EncodedSignature'. (JWE): 'EncodedProtectedHeader.EncodedEncryptedKey.EncodedInitializationVector.EncodedCiphertext.EncodedAuthenticationTag'.
[2026-07-08 09:45:59 INF] Microsoft.AspNetCore.Authorization.DefaultAuthorizationService Authorization failed. These requirements were not met:
DenyAnonymousAuthorizationRequirement: Requires an authenticated user.
[2026-07-08 09:46:09 INF]  GymAffiliate API lista. Swagger: https://localhost:xxxx/
[2026-07-08 09:46:09 INF] Microsoft.AspNetCore.DataProtection.KeyManagement.XmlKeyManager User profile is available. Using 'C:\Users\Miguel Angel\AppData\Local\ASP.NET\DataProtection-Keys' as key repository and Windows DPAPI to encrypt keys at rest.
[2026-07-08 09:46:09 INF] Microsoft.Hosting.Lifetime Now listening on: https://localhost:7001
[2026-07-08 09:46:09 INF] Microsoft.Hosting.Lifetime Now listening on: http://localhost:5001
[2026-07-08 09:46:09 INF] Microsoft.Hosting.Lifetime Application started. Press Ctrl+C to shut down.
[2026-07-08 09:46:09 INF] Microsoft.Hosting.Lifetime Hosting environment: Development
[2026-07-08 09:46:09 INF] Microsoft.Hosting.Lifetime Content root path: C:\Users\Miguel Angel\Documents\DesarrollosC#\GymAffiliate_API\GymAffiliate\src\Api
[2026-07-08 09:46:10 INF] Microsoft.AspNetCore.Hosting.Diagnostics Request starting HTTP/2 GET https://localhost:7001/index.html - null null
[2026-07-08 09:46:11 INF] Microsoft.AspNetCore.Hosting.Diagnostics Request finished HTTP/2 GET https://localhost:7001/index.html - 200 null text/html;charset=utf-8 859.3005ms
[2026-07-08 09:46:11 INF] Microsoft.AspNetCore.Hosting.Diagnostics Request starting HTTP/2 GET https://localhost:7001/_vs/browserLink - null null
[2026-07-08 09:46:11 INF] Microsoft.AspNetCore.Hosting.Diagnostics Request starting HTTP/2 GET https://localhost:7001/_framework/aspnetcore-browser-refresh.js - null null
[2026-07-08 09:46:11 INF] Microsoft.AspNetCore.Hosting.Diagnostics Request finished HTTP/2 GET https://localhost:7001/_framework/aspnetcore-browser-refresh.js - 200 16517 application/javascript; charset=utf-8 72.0777ms
[2026-07-08 09:46:11 INF] Microsoft.AspNetCore.Hosting.Diagnostics Request finished HTTP/2 GET https://localhost:7001/_vs/browserLink - 200 null text/javascript; charset=UTF-8 160.2052ms
[2026-07-08 09:46:11 INF] Microsoft.AspNetCore.Hosting.Diagnostics Request starting HTTP/2 GET https://localhost:7001/swagger/v1/swagger.json - null null
[2026-07-08 09:46:11 INF] Microsoft.AspNetCore.Hosting.Diagnostics Request finished HTTP/2 GET https://localhost:7001/swagger/v1/swagger.json - 200 null application/json;charset=utf-8 87.9608ms
[2026-07-08 09:46:30 INF] Microsoft.AspNetCore.Hosting.Diagnostics Request starting HTTP/2 POST https://localhost:7001/api/auth/logout - application/json 146
[2026-07-08 09:46:30 INF] Microsoft.AspNetCore.Cors.Infrastructure.CorsService CORS policy execution successful.
[2026-07-08 09:46:30 INF] Microsoft.AspNetCore.Authentication.JwtBearer.JwtBearerHandler Failed to validate the token.
Microsoft.IdentityModel.Tokens.SecurityTokenMalformedException: IDX14100: JWT is not well formed, there are no dots (.).
The token needs to be in JWS or JWE Compact Serialization Format. (JWS): 'EncodedHeader.EncodedPayload.EncodedSignature'. (JWE): 'EncodedProtectedHeader.EncodedEncryptedKey.EncodedInitializationVector.EncodedCiphertext.EncodedAuthenticationTag'.
   at Microsoft.IdentityModel.JsonWebTokens.JsonWebToken.ReadToken(ReadOnlyMemory`1 encodedTokenMemory)
   at Microsoft.IdentityModel.JsonWebTokens.JsonWebToken..ctor(String jwtEncodedString, TryReadJwtClaim tryReadJwtClaim)
   at Microsoft.IdentityModel.JsonWebTokens.JsonWebTokenHandler.ReadToken(String token, TokenValidationParameters validationParameters)
[2026-07-08 09:46:30 INF] Microsoft.AspNetCore.Authentication.JwtBearer.JwtBearerHandler Bearer was not authenticated. Failure message: IDX14100: JWT is not well formed, there are no dots (.).
The token needs to be in JWS or JWE Compact Serialization Format. (JWS): 'EncodedHeader.EncodedPayload.EncodedSignature'. (JWE): 'EncodedProtectedHeader.EncodedEncryptedKey.EncodedInitializationVector.EncodedCiphertext.EncodedAuthenticationTag'.
[2026-07-08 09:46:30 INF] Microsoft.AspNetCore.Authorization.DefaultAuthorizationService Authorization failed. These requirements were not met:
DenyAnonymousAuthorizationRequirement: Requires an authenticated user.
[2026-07-08 09:46:34 INF] Microsoft.AspNetCore.Authentication.JwtBearer.JwtBearerHandler AuthenticationScheme: Bearer was challenged.
[2026-07-08 09:46:34 INF] Serilog.AspNetCore.RequestLoggingMiddleware HTTP POST /api/auth/logout → 401 (3441.6ms)
[2026-07-08 09:46:34 INF] Microsoft.AspNetCore.Hosting.Diagnostics Request finished HTTP/2 POST https://localhost:7001/api/auth/logout - 401 null application/json 3488.1907ms
[2026-07-08 09:51:47 INF]  GymAffiliate API lista. Swagger: https://localhost:xxxx/
[2026-07-08 09:51:47 INF] Microsoft.AspNetCore.DataProtection.KeyManagement.XmlKeyManager User profile is available. Using 'C:\Users\Miguel Angel\AppData\Local\ASP.NET\DataProtection-Keys' as key repository and Windows DPAPI to encrypt keys at rest.
[2026-07-08 09:51:47 INF] Microsoft.Hosting.Lifetime Now listening on: https://localhost:7001
[2026-07-08 09:51:47 INF] Microsoft.Hosting.Lifetime Now listening on: http://localhost:5001
[2026-07-08 09:51:47 INF] Microsoft.Hosting.Lifetime Application started. Press Ctrl+C to shut down.
[2026-07-08 09:51:47 INF] Microsoft.Hosting.Lifetime Hosting environment: Development
[2026-07-08 09:51:47 INF] Microsoft.Hosting.Lifetime Content root path: C:\Users\Miguel Angel\Documents\DesarrollosC#\GymAffiliate_API\GymAffiliate\src\Api
[2026-07-08 09:51:48 INF] Microsoft.AspNetCore.Hosting.Diagnostics Request starting HTTP/2 GET https://localhost:7001/index.html - null null
[2026-07-08 09:51:48 INF] Microsoft.AspNetCore.Hosting.Diagnostics Request finished HTTP/2 GET https://localhost:7001/index.html - 200 null text/html;charset=utf-8 248.9359ms
[2026-07-08 09:51:48 INF] Microsoft.AspNetCore.Hosting.Diagnostics Request starting HTTP/2 GET https://localhost:7001/_vs/browserLink - null null
[2026-07-08 09:51:48 INF] Microsoft.AspNetCore.Hosting.Diagnostics Request starting HTTP/2 GET https://localhost:7001/_framework/aspnetcore-browser-refresh.js - null null
[2026-07-08 09:51:48 INF] Microsoft.AspNetCore.Hosting.Diagnostics Request finished HTTP/2 GET https://localhost:7001/_framework/aspnetcore-browser-refresh.js - 200 16517 application/javascript; charset=utf-8 20.8292ms
[2026-07-08 09:51:48 INF] Microsoft.AspNetCore.Hosting.Diagnostics Request finished HTTP/2 GET https://localhost:7001/_vs/browserLink - 200 null text/javascript; charset=UTF-8 70.6025ms
[2026-07-08 09:51:48 INF] Microsoft.AspNetCore.Hosting.Diagnostics Request starting HTTP/2 GET https://localhost:7001/swagger/v1/swagger.json - null null
[2026-07-08 09:51:48 INF] Microsoft.AspNetCore.Hosting.Diagnostics Request finished HTTP/2 GET https://localhost:7001/swagger/v1/swagger.json - 200 null application/json;charset=utf-8 29.8574ms
[2026-07-08 09:52:07 INF] Microsoft.AspNetCore.Hosting.Diagnostics Request starting HTTP/2 POST https://localhost:7001/api/auth/login - application/json 70
[2026-07-08 09:52:07 INF] Microsoft.AspNetCore.Cors.Infrastructure.CorsService CORS policy execution successful.
[2026-07-08 09:52:08 INF] Microsoft.AspNetCore.Routing.EndpointMiddleware Executing endpoint 'GymAffiliate.Api.Controllers.AuthController.Login (GymAffiliate.Api)'
[2026-07-08 09:52:08 INF] Microsoft.AspNetCore.Mvc.Infrastructure.ControllerActionInvoker Route matched with {action = "Login", controller = "Auth"}. Executing controller action with signature System.Threading.Tasks.Task`1[Microsoft.AspNetCore.Mvc.IActionResult] Login(GymAffiliate.Application.DTOs.Requests.LoginRequest, System.Threading.CancellationToken) on controller GymAffiliate.Api.Controllers.AuthController (GymAffiliate.Api).
[2026-07-08 09:52:08 INF] Microsoft.AspNetCore.Mvc.Infrastructure.ControllerActionInvoker Executing action method GymAffiliate.Api.Controllers.AuthController.Login (GymAffiliate.Api) - Validation state: "Valid"
[2026-07-08 09:52:13 INF] GymAffiliate.Infrastructure.Persistence.Repositories.AuthRepository Login exitoso. Username=admin, UserId=1
[2026-07-08 09:52:13 INF] GymAffiliate.Application.UseCases.Auth.LoginHandler Login exitoso UserId=1 Role=SUPERADMIN
[2026-07-08 09:52:14 INF] Microsoft.AspNetCore.Mvc.Infrastructure.ControllerActionInvoker Executed action method GymAffiliate.Api.Controllers.AuthController.Login (GymAffiliate.Api), returned result Microsoft.AspNetCore.Mvc.OkObjectResult in 6414.1239ms.
[2026-07-08 09:52:14 INF] Microsoft.AspNetCore.Mvc.Infrastructure.ObjectResultExecutor Executing OkObjectResult, writing value of type 'GymAffiliate.Shared.Result.ApiResponse`1[[GymAffiliate.Application.DTOs.Responses.LoginResponse, GymAffiliate.Application, Version=1.0.0.0, Culture=neutral, PublicKeyToken=null]]'.
[2026-07-08 09:52:14 INF] Microsoft.AspNetCore.Mvc.Infrastructure.ControllerActionInvoker Executed action GymAffiliate.Api.Controllers.AuthController.Login (GymAffiliate.Api) in 6602.5262ms
[2026-07-08 09:52:14 INF] Microsoft.AspNetCore.Routing.EndpointMiddleware Executed endpoint 'GymAffiliate.Api.Controllers.AuthController.Login (GymAffiliate.Api)'
[2026-07-08 09:52:14 INF] Serilog.AspNetCore.RequestLoggingMiddleware HTTP POST /api/auth/login → 200 (6731.7ms)
[2026-07-08 09:52:14 INF] Microsoft.AspNetCore.Hosting.Diagnostics Request finished HTTP/2 POST https://localhost:7001/api/auth/login - 200 null application/json; charset=utf-8 6775.8554ms
[2026-07-08 09:53:38 INF] Microsoft.AspNetCore.Hosting.Diagnostics Request starting HTTP/2 POST https://localhost:7001/api/auth/logout - application/json 146
[2026-07-08 09:53:38 INF] Microsoft.AspNetCore.Cors.Infrastructure.CorsService CORS policy execution successful.
[2026-07-08 09:53:38 INF] Microsoft.AspNetCore.Authentication.JwtBearer.JwtBearerHandler Failed to validate the token.
System.ArgumentException: IDX14102: Unable to decode the header '[PII of type 'Microsoft.IdentityModel.Logging.SecurityArtifact' is hidden. For more details, see https://aka.ms/IdentityModel/PII.]' as Base64Url encoded string.
 ---> System.FormatException: IDX10400: Unable to decode: '[PII of type 'System.String' is hidden. For more details, see https://aka.ms/IdentityModel/PII.]' as Base64url encoded string.
   at Microsoft.IdentityModel.Tokens.Base64UrlEncoder.Decode(ReadOnlySpan`1 strSpan, Span`1 output, Boolean needReplace, Int32 decodedLength)
   at Microsoft.IdentityModel.Tokens.Base64UrlEncoder.Decode(ReadOnlySpan`1 strSpan, Span`1 output)
   at Microsoft.IdentityModel.JsonWebTokens.JsonWebToken.CreateClaimSet(ReadOnlySpan`1 strSpan, Int32 startIndex, Int32 length, Boolean createHeaderClaimSet)
   at Microsoft.IdentityModel.JsonWebTokens.JsonWebToken.ReadToken(ReadOnlyMemory`1 encodedTokenMemory)
   --- End of inner exception stack trace ---
   at Microsoft.IdentityModel.JsonWebTokens.JsonWebToken.ReadToken(ReadOnlyMemory`1 encodedTokenMemory)
   at Microsoft.IdentityModel.JsonWebTokens.JsonWebToken..ctor(String jwtEncodedString, TryReadJwtClaim tryReadJwtClaim)
   at Microsoft.IdentityModel.JsonWebTokens.JsonWebTokenHandler.ReadToken(String token, TokenValidationParameters validationParameters)
[2026-07-08 09:53:39 INF] Microsoft.AspNetCore.Authentication.JwtBearer.JwtBearerHandler Bearer was not authenticated. Failure message: IDX14102: Unable to decode the header '[PII of type 'Microsoft.IdentityModel.Logging.SecurityArtifact' is hidden. For more details, see https://aka.ms/IdentityModel/PII.]' as Base64Url encoded string.
[2026-07-08 09:53:39 INF] Microsoft.AspNetCore.Authorization.DefaultAuthorizationService Authorization failed. These requirements were not met:
DenyAnonymousAuthorizationRequirement: Requires an authenticated user.
[2026-07-08 09:53:41 INF] Microsoft.AspNetCore.Authentication.JwtBearer.JwtBearerHandler AuthenticationScheme: Bearer was challenged.
[2026-07-08 09:53:41 INF] Serilog.AspNetCore.RequestLoggingMiddleware HTTP POST /api/auth/logout → 401 (2718.6ms)
[2026-07-08 09:53:41 INF] Microsoft.AspNetCore.Hosting.Diagnostics Request finished HTTP/2 POST https://localhost:7001/api/auth/logout - 401 null application/json 2758.4635ms
[2026-07-08 09:54:12 INF]  GymAffiliate API lista. Swagger: https://localhost:xxxx/
[2026-07-08 09:54:13 INF] Microsoft.AspNetCore.DataProtection.KeyManagement.XmlKeyManager User profile is available. Using 'C:\Users\Miguel Angel\AppData\Local\ASP.NET\DataProtection-Keys' as key repository and Windows DPAPI to encrypt keys at rest.
[2026-07-08 09:54:13 INF] Microsoft.Hosting.Lifetime Now listening on: https://localhost:7001
[2026-07-08 09:54:13 INF] Microsoft.Hosting.Lifetime Now listening on: http://localhost:5001
[2026-07-08 09:54:13 INF] Microsoft.Hosting.Lifetime Application started. Press Ctrl+C to shut down.
[2026-07-08 09:54:13 INF] Microsoft.Hosting.Lifetime Hosting environment: Development
[2026-07-08 09:54:13 INF] Microsoft.Hosting.Lifetime Content root path: C:\Users\Miguel Angel\Documents\DesarrollosC#\GymAffiliate_API\GymAffiliate\src\Api
[2026-07-08 09:54:14 INF] Microsoft.AspNetCore.Hosting.Diagnostics Request starting HTTP/2 GET https://localhost:7001/index.html - null null
[2026-07-08 09:54:15 INF] Microsoft.AspNetCore.Hosting.Diagnostics Request finished HTTP/2 GET https://localhost:7001/index.html - 200 null text/html;charset=utf-8 713.116ms
[2026-07-08 09:54:15 INF] Microsoft.AspNetCore.Hosting.Diagnostics Request starting HTTP/2 GET https://localhost:7001/_framework/aspnetcore-browser-refresh.js - null null
[2026-07-08 09:54:15 INF] Microsoft.AspNetCore.Hosting.Diagnostics Request starting HTTP/2 GET https://localhost:7001/_vs/browserLink - null null
[2026-07-08 09:54:15 INF] Microsoft.AspNetCore.Hosting.Diagnostics Request finished HTTP/2 GET https://localhost:7001/_framework/aspnetcore-browser-refresh.js - 200 16517 application/javascript; charset=utf-8 20.2705ms
[2026-07-08 09:54:15 INF] Microsoft.AspNetCore.Hosting.Diagnostics Request finished HTTP/2 GET https://localhost:7001/_vs/browserLink - 200 null text/javascript; charset=UTF-8 149.1512ms
[2026-07-08 09:54:15 INF] Microsoft.AspNetCore.Hosting.Diagnostics Request starting HTTP/2 GET https://localhost:7001/swagger/v1/swagger.json - null null
[2026-07-08 09:54:15 INF] Microsoft.AspNetCore.Hosting.Diagnostics Request finished HTTP/2 GET https://localhost:7001/swagger/v1/swagger.json - 200 null application/json;charset=utf-8 73.7619ms
[2026-07-08 09:54:31 INF] Microsoft.AspNetCore.Hosting.Diagnostics Request starting HTTP/2 POST https://localhost:7001/api/auth/logout - application/json 146
[2026-07-08 09:54:31 INF] Microsoft.AspNetCore.Cors.Infrastructure.CorsService CORS policy execution successful.
[2026-07-08 09:54:31 INF] Microsoft.AspNetCore.Routing.EndpointMiddleware Executing endpoint 'GymAffiliate.Api.Controllers.AuthController.Logout (GymAffiliate.Api)'
[2026-07-08 09:54:31 INF] Microsoft.AspNetCore.Mvc.Infrastructure.ControllerActionInvoker Route matched with {action = "Logout", controller = "Auth"}. Executing controller action with signature System.Threading.Tasks.Task`1[Microsoft.AspNetCore.Mvc.IActionResult] Logout(GymAffiliate.Application.DTOs.Requests.LogoutRequest, System.Threading.CancellationToken) on controller GymAffiliate.Api.Controllers.AuthController (GymAffiliate.Api).
[2026-07-08 09:54:44 INF] Microsoft.AspNetCore.Mvc.Infrastructure.ControllerActionInvoker Executing action method GymAffiliate.Api.Controllers.AuthController.Logout (GymAffiliate.Api) - Validation state: "Valid"
[2026-07-08 09:55:44 INF] GymAffiliate.Infrastructure.Persistence.Repositories.AuthRepository Logout exitoso. UserId=null, RefreshToken=null
[2026-07-08 09:55:44 INF] GymAffiliate.Application.UseCases.Auth.LogoutHandler Logout UserId=null LogoutAll=true
[2026-07-08 09:55:44 INF] Microsoft.AspNetCore.Mvc.Infrastructure.ControllerActionInvoker Executed action method GymAffiliate.Api.Controllers.AuthController.Logout (GymAffiliate.Api), returned result Microsoft.AspNetCore.Mvc.OkObjectResult in 60176.4985ms.
[2026-07-08 09:55:44 INF] Microsoft.AspNetCore.Mvc.Infrastructure.ObjectResultExecutor Executing OkObjectResult, writing value of type 'GymAffiliate.Shared.Result.ApiResponse'.
[2026-07-08 09:55:44 INF] Microsoft.AspNetCore.Mvc.Infrastructure.ControllerActionInvoker Executed action GymAffiliate.Api.Controllers.AuthController.Logout (GymAffiliate.Api) in 72819.2133ms
[2026-07-08 09:55:44 INF] Microsoft.AspNetCore.Routing.EndpointMiddleware Executed endpoint 'GymAffiliate.Api.Controllers.AuthController.Logout (GymAffiliate.Api)'
[2026-07-08 09:55:44 INF] Serilog.AspNetCore.RequestLoggingMiddleware HTTP POST /api/auth/logout → 200 (72949.1ms)
[2026-07-08 09:55:44 INF] Microsoft.AspNetCore.Hosting.Diagnostics Request finished HTTP/2 POST https://localhost:7001/api/auth/logout - 200 null application/json; charset=utf-8 72994.0799ms
[2026-07-08 10:00:34 INF]  GymAffiliate API lista. Swagger: https://localhost:xxxx/
[2026-07-08 10:00:34 INF] Microsoft.AspNetCore.DataProtection.KeyManagement.XmlKeyManager User profile is available. Using 'C:\Users\Miguel Angel\AppData\Local\ASP.NET\DataProtection-Keys' as key repository and Windows DPAPI to encrypt keys at rest.
[2026-07-08 10:00:34 INF] Microsoft.Hosting.Lifetime Now listening on: https://localhost:7001
[2026-07-08 10:00:34 INF] Microsoft.Hosting.Lifetime Now listening on: http://localhost:5001
[2026-07-08 10:00:34 INF] Microsoft.Hosting.Lifetime Application started. Press Ctrl+C to shut down.
[2026-07-08 10:00:34 INF] Microsoft.Hosting.Lifetime Hosting environment: Development
[2026-07-08 10:00:34 INF] Microsoft.Hosting.Lifetime Content root path: C:\Users\Miguel Angel\Documents\DesarrollosC#\GymAffiliate_API\GymAffiliate\src\Api
[2026-07-08 10:00:35 INF] Microsoft.AspNetCore.Hosting.Diagnostics Request starting HTTP/2 GET https://localhost:7001/index.html - null null
[2026-07-08 10:00:36 INF] Microsoft.AspNetCore.Hosting.Diagnostics Request finished HTTP/2 GET https://localhost:7001/index.html - 200 null text/html;charset=utf-8 944.392ms
[2026-07-08 10:00:36 INF] Microsoft.AspNetCore.Hosting.Diagnostics Request starting HTTP/2 GET https://localhost:7001/_framework/aspnetcore-browser-refresh.js - null null
[2026-07-08 10:00:36 INF] Microsoft.AspNetCore.Hosting.Diagnostics Request starting HTTP/2 GET https://localhost:7001/_vs/browserLink - null null
[2026-07-08 10:00:36 INF] Microsoft.AspNetCore.Hosting.Diagnostics Request finished HTTP/2 GET https://localhost:7001/_framework/aspnetcore-browser-refresh.js - 200 16517 application/javascript; charset=utf-8 29.9763ms
[2026-07-08 10:00:36 INF] Microsoft.AspNetCore.Hosting.Diagnostics Request finished HTTP/2 GET https://localhost:7001/_vs/browserLink - 200 null text/javascript; charset=UTF-8 141.8042ms
[2026-07-08 10:00:36 INF] Microsoft.AspNetCore.Hosting.Diagnostics Request starting HTTP/2 GET https://localhost:7001/swagger/v1/swagger.json - null null
[2026-07-08 10:00:36 INF] Microsoft.AspNetCore.Hosting.Diagnostics Request finished HTTP/2 GET https://localhost:7001/swagger/v1/swagger.json - 200 null application/json;charset=utf-8 58.132ms
[2026-07-08 10:00:48 INF] Microsoft.AspNetCore.Hosting.Diagnostics Request starting HTTP/2 POST https://localhost:7001/api/auth/logout - application/json 131
[2026-07-08 10:00:48 INF] Microsoft.AspNetCore.Cors.Infrastructure.CorsService CORS policy execution successful.
[2026-07-08 10:00:48 INF] Microsoft.AspNetCore.Routing.EndpointMiddleware Executing endpoint 'GymAffiliate.Api.Controllers.AuthController.Logout (GymAffiliate.Api)'
[2026-07-08 10:00:48 INF] Microsoft.AspNetCore.Mvc.Infrastructure.ControllerActionInvoker Route matched with {action = "Logout", controller = "Auth"}. Executing controller action with signature System.Threading.Tasks.Task`1[Microsoft.AspNetCore.Mvc.IActionResult] Logout(GymAffiliate.Application.DTOs.Requests.LogoutRequest, System.Threading.CancellationToken) on controller GymAffiliate.Api.Controllers.AuthController (GymAffiliate.Api).
[2026-07-08 10:00:53 INF] Microsoft.AspNetCore.Mvc.Infrastructure.ControllerActionInvoker Executing action method GymAffiliate.Api.Controllers.AuthController.Logout (GymAffiliate.Api) - Validation state: "Valid"
[2026-07-08 10:01:29 INF] GymAffiliate.Infrastructure.Persistence.Repositories.AuthRepository Logout exitoso. UserId=null, RefreshToken=null
[2026-07-08 10:01:29 INF] GymAffiliate.Application.UseCases.Auth.LogoutHandler Logout UserId=null LogoutAll=true
[2026-07-08 10:01:29 INF] Microsoft.AspNetCore.Mvc.Infrastructure.ControllerActionInvoker Executed action method GymAffiliate.Api.Controllers.AuthController.Logout (GymAffiliate.Api), returned result Microsoft.AspNetCore.Mvc.OkObjectResult in 36195.977ms.
[2026-07-08 10:01:29 INF] Microsoft.AspNetCore.Mvc.Infrastructure.ObjectResultExecutor Executing OkObjectResult, writing value of type 'GymAffiliate.Shared.Result.ApiResponse'.
[2026-07-08 10:01:29 INF] Microsoft.AspNetCore.Mvc.Infrastructure.ControllerActionInvoker Executed action GymAffiliate.Api.Controllers.AuthController.Logout (GymAffiliate.Api) in 40999.5995ms
[2026-07-08 10:01:29 INF] Microsoft.AspNetCore.Routing.EndpointMiddleware Executed endpoint 'GymAffiliate.Api.Controllers.AuthController.Logout (GymAffiliate.Api)'
[2026-07-08 10:01:29 INF] Serilog.AspNetCore.RequestLoggingMiddleware HTTP POST /api/auth/logout → 200 (41126.8ms)
[2026-07-08 10:01:29 INF] Microsoft.AspNetCore.Hosting.Diagnostics Request finished HTTP/2 POST https://localhost:7001/api/auth/logout - 200 null application/json; charset=utf-8 41170.445ms
[2026-07-08 10:01:46 INF] Microsoft.AspNetCore.Hosting.Diagnostics Request starting HTTP/2 POST https://localhost:7001/api/auth/logout - application/json 131
[2026-07-08 10:01:46 INF] Microsoft.AspNetCore.Cors.Infrastructure.CorsService CORS policy execution successful.
[2026-07-08 10:01:46 INF] Microsoft.AspNetCore.Routing.EndpointMiddleware Executing endpoint 'GymAffiliate.Api.Controllers.AuthController.Logout (GymAffiliate.Api)'
[2026-07-08 10:01:46 INF] Microsoft.AspNetCore.Mvc.Infrastructure.ControllerActionInvoker Route matched with {action = "Logout", controller = "Auth"}. Executing controller action with signature System.Threading.Tasks.Task`1[Microsoft.AspNetCore.Mvc.IActionResult] Logout(GymAffiliate.Application.DTOs.Requests.LogoutRequest, System.Threading.CancellationToken) on controller GymAffiliate.Api.Controllers.AuthController (GymAffiliate.Api).
[2026-07-08 10:01:50 INF] Microsoft.AspNetCore.Mvc.Infrastructure.ControllerActionInvoker Executing action method GymAffiliate.Api.Controllers.AuthController.Logout (GymAffiliate.Api) - Validation state: "Valid"
[2026-07-08 10:05:04 INF]  GymAffiliate API lista. Swagger: https://localhost:xxxx/
[2026-07-08 10:05:04 INF] Microsoft.AspNetCore.DataProtection.KeyManagement.XmlKeyManager User profile is available. Using 'C:\Users\Miguel Angel\AppData\Local\ASP.NET\DataProtection-Keys' as key repository and Windows DPAPI to encrypt keys at rest.
[2026-07-08 10:05:04 INF] Microsoft.Hosting.Lifetime Now listening on: https://localhost:7001
[2026-07-08 10:05:04 INF] Microsoft.Hosting.Lifetime Now listening on: http://localhost:5001
[2026-07-08 10:05:04 INF] Microsoft.Hosting.Lifetime Application started. Press Ctrl+C to shut down.
[2026-07-08 10:05:04 INF] Microsoft.Hosting.Lifetime Hosting environment: Development
[2026-07-08 10:05:04 INF] Microsoft.Hosting.Lifetime Content root path: C:\Users\Miguel Angel\Documents\DesarrollosC#\GymAffiliate_API\GymAffiliate\src\Api
[2026-07-08 10:05:05 INF] Microsoft.AspNetCore.Hosting.Diagnostics Request starting HTTP/2 GET https://localhost:7001/index.html - null null
[2026-07-08 10:05:05 INF] Microsoft.AspNetCore.Hosting.Diagnostics Request finished HTTP/2 GET https://localhost:7001/index.html - 200 null text/html;charset=utf-8 247.812ms
[2026-07-08 10:05:05 INF] Microsoft.AspNetCore.Hosting.Diagnostics Request starting HTTP/2 GET https://localhost:7001/_framework/aspnetcore-browser-refresh.js - null null
[2026-07-08 10:05:05 INF] Microsoft.AspNetCore.Hosting.Diagnostics Request starting HTTP/2 GET https://localhost:7001/_vs/browserLink - null null
[2026-07-08 10:05:05 INF] Microsoft.AspNetCore.Hosting.Diagnostics Request finished HTTP/2 GET https://localhost:7001/_framework/aspnetcore-browser-refresh.js - 200 16517 application/javascript; charset=utf-8 8.7009ms
[2026-07-08 10:05:05 INF] Microsoft.AspNetCore.Hosting.Diagnostics Request finished HTTP/2 GET https://localhost:7001/_vs/browserLink - 200 null text/javascript; charset=UTF-8 169.2653ms
[2026-07-08 10:05:05 INF] Microsoft.AspNetCore.Hosting.Diagnostics Request starting HTTP/2 GET https://localhost:7001/swagger/v1/swagger.json - null null
[2026-07-08 10:05:05 INF] Microsoft.AspNetCore.Hosting.Diagnostics Request finished HTTP/2 GET https://localhost:7001/swagger/v1/swagger.json - 200 null application/json;charset=utf-8 17.1228ms
[2026-07-08 10:05:23 INF] Microsoft.AspNetCore.Hosting.Diagnostics Request starting HTTP/2 POST https://localhost:7001/api/auth/logout - application/json 147
[2026-07-08 10:05:23 INF] Microsoft.AspNetCore.Cors.Infrastructure.CorsService CORS policy execution successful.
[2026-07-08 10:05:23 INF] Microsoft.AspNetCore.Routing.EndpointMiddleware Executing endpoint 'GymAffiliate.Api.Controllers.AuthController.Logout (GymAffiliate.Api)'
[2026-07-08 10:05:23 INF] Microsoft.AspNetCore.Mvc.Infrastructure.ControllerActionInvoker Route matched with {action = "Logout", controller = "Auth"}. Executing controller action with signature System.Threading.Tasks.Task`1[Microsoft.AspNetCore.Mvc.IActionResult] Logout(GymAffiliate.Application.DTOs.Requests.LogoutRequest, System.Threading.CancellationToken) on controller GymAffiliate.Api.Controllers.AuthController (GymAffiliate.Api).
[2026-07-08 10:05:34 INF] Microsoft.AspNetCore.Mvc.Infrastructure.ControllerActionInvoker Executing action method GymAffiliate.Api.Controllers.AuthController.Logout (GymAffiliate.Api) - Validation state: "Valid"
[2026-07-08 10:05:59 INF] GymAffiliate.Infrastructure.Persistence.Repositories.AuthRepository Logout exitoso. UserId=null, RefreshToken=q2TU8vJGZ_pCB1ZDL5NRWUEahhst5uNu3T0skZat_6rdG42MI2c89wevRLlCVcuF-wCLRE9_i0tHetKFA-yLUg
[2026-07-08 10:05:59 INF] GymAffiliate.Application.UseCases.Auth.LogoutHandler Logout UserId=null LogoutAll=false
[2026-07-08 10:05:59 INF] Microsoft.AspNetCore.Mvc.Infrastructure.ControllerActionInvoker Executed action method GymAffiliate.Api.Controllers.AuthController.Logout (GymAffiliate.Api), returned result Microsoft.AspNetCore.Mvc.OkObjectResult in 25058.2946ms.
[2026-07-08 10:05:59 INF] Microsoft.AspNetCore.Mvc.Infrastructure.ObjectResultExecutor Executing OkObjectResult, writing value of type 'GymAffiliate.Shared.Result.ApiResponse'.
[2026-07-08 10:05:59 INF] Microsoft.AspNetCore.Mvc.Infrastructure.ControllerActionInvoker Executed action GymAffiliate.Api.Controllers.AuthController.Logout (GymAffiliate.Api) in 36079.9688ms
[2026-07-08 10:05:59 INF] Microsoft.AspNetCore.Routing.EndpointMiddleware Executed endpoint 'GymAffiliate.Api.Controllers.AuthController.Logout (GymAffiliate.Api)'
[2026-07-08 10:05:59 INF] Serilog.AspNetCore.RequestLoggingMiddleware HTTP POST /api/auth/logout → 200 (36193.1ms)
[2026-07-08 10:05:59 INF] Microsoft.AspNetCore.Hosting.Diagnostics Request finished HTTP/2 POST https://localhost:7001/api/auth/logout - 200 null application/json; charset=utf-8 36225.2048ms
[2026-07-08 10:06:43 INF] Microsoft.AspNetCore.Hosting.Diagnostics Request starting HTTP/2 POST https://localhost:7001/api/auth/logout - application/json 60
[2026-07-08 10:06:43 INF] Microsoft.AspNetCore.Cors.Infrastructure.CorsService CORS policy execution successful.
[2026-07-08 10:06:43 INF] Microsoft.AspNetCore.Routing.EndpointMiddleware Executing endpoint 'GymAffiliate.Api.Controllers.AuthController.Logout (GymAffiliate.Api)'
[2026-07-08 10:06:43 INF] Microsoft.AspNetCore.Mvc.Infrastructure.ControllerActionInvoker Route matched with {action = "Logout", controller = "Auth"}. Executing controller action with signature System.Threading.Tasks.Task`1[Microsoft.AspNetCore.Mvc.IActionResult] Logout(GymAffiliate.Application.DTOs.Requests.LogoutRequest, System.Threading.CancellationToken) on controller GymAffiliate.Api.Controllers.AuthController (GymAffiliate.Api).
[2026-07-08 10:06:49 INF] Microsoft.AspNetCore.Mvc.Infrastructure.ControllerActionInvoker Executing action method GymAffiliate.Api.Controllers.AuthController.Logout (GymAffiliate.Api) - Validation state: "Valid"
[2026-07-08 10:07:26 INF]  GymAffiliate API lista. Swagger: https://localhost:xxxx/
[2026-07-08 10:07:26 INF] Microsoft.AspNetCore.DataProtection.KeyManagement.XmlKeyManager User profile is available. Using 'C:\Users\Miguel Angel\AppData\Local\ASP.NET\DataProtection-Keys' as key repository and Windows DPAPI to encrypt keys at rest.
[2026-07-08 10:07:27 INF] Microsoft.Hosting.Lifetime Now listening on: https://localhost:7001
[2026-07-08 10:07:27 INF] Microsoft.Hosting.Lifetime Now listening on: http://localhost:5001
[2026-07-08 10:07:27 INF] Microsoft.Hosting.Lifetime Application started. Press Ctrl+C to shut down.
[2026-07-08 10:07:27 INF] Microsoft.Hosting.Lifetime Hosting environment: Development
[2026-07-08 10:07:27 INF] Microsoft.Hosting.Lifetime Content root path: C:\Users\Miguel Angel\Documents\DesarrollosC#\GymAffiliate_API\GymAffiliate\src\Api
[2026-07-08 10:07:27 INF] Microsoft.AspNetCore.Hosting.Diagnostics Request starting HTTP/2 GET https://localhost:7001/index.html - null null
[2026-07-08 10:07:27 INF] Microsoft.AspNetCore.Hosting.Diagnostics Request finished HTTP/2 GET https://localhost:7001/index.html - 200 null text/html;charset=utf-8 544.4719ms
[2026-07-08 10:07:27 INF] Microsoft.AspNetCore.Hosting.Diagnostics Request starting HTTP/2 GET https://localhost:7001/_vs/browserLink - null null
[2026-07-08 10:07:27 INF] Microsoft.AspNetCore.Hosting.Diagnostics Request starting HTTP/2 GET https://localhost:7001/_framework/aspnetcore-browser-refresh.js - null null
[2026-07-08 10:07:28 INF] Microsoft.AspNetCore.Hosting.Diagnostics Request finished HTTP/2 GET https://localhost:7001/_framework/aspnetcore-browser-refresh.js - 200 16517 application/javascript; charset=utf-8 70.2852ms
[2026-07-08 10:07:28 INF] Microsoft.AspNetCore.Hosting.Diagnostics Request finished HTTP/2 GET https://localhost:7001/_vs/browserLink - 200 null text/javascript; charset=UTF-8 136.9315ms
[2026-07-08 10:07:28 INF] Microsoft.AspNetCore.Hosting.Diagnostics Request starting HTTP/2 GET https://localhost:7001/swagger/v1/swagger.json - null null
[2026-07-08 10:07:28 INF] Microsoft.AspNetCore.Hosting.Diagnostics Request finished HTTP/2 GET https://localhost:7001/swagger/v1/swagger.json - 200 null application/json;charset=utf-8 83.3681ms
[2026-07-08 10:07:37 INF] Microsoft.AspNetCore.Hosting.Diagnostics Request starting HTTP/2 POST https://localhost:7001/api/auth/logout - application/json 60
[2026-07-08 10:07:37 INF] Microsoft.AspNetCore.Cors.Infrastructure.CorsService CORS policy execution successful.
[2026-07-08 10:07:37 INF] Microsoft.AspNetCore.Routing.EndpointMiddleware Executing endpoint 'GymAffiliate.Api.Controllers.AuthController.Logout (GymAffiliate.Api)'
[2026-07-08 10:07:37 INF] Microsoft.AspNetCore.Mvc.Infrastructure.ControllerActionInvoker Route matched with {action = "Logout", controller = "Auth"}. Executing controller action with signature System.Threading.Tasks.Task`1[Microsoft.AspNetCore.Mvc.IActionResult] Logout(GymAffiliate.Application.DTOs.Requests.LogoutRequest, System.Threading.CancellationToken) on controller GymAffiliate.Api.Controllers.AuthController (GymAffiliate.Api).
[2026-07-08 10:07:40 INF] Microsoft.AspNetCore.Mvc.Infrastructure.ControllerActionInvoker Executing action method GymAffiliate.Api.Controllers.AuthController.Logout (GymAffiliate.Api) - Validation state: "Valid"
[2026-07-08 10:08:01 INF] GymAffiliate.Infrastructure.Persistence.Repositories.AuthRepository Logout exitoso. UserId=null, RefreshToken=null
[2026-07-08 10:08:01 INF] GymAffiliate.Application.UseCases.Auth.LogoutHandler Logout UserId=null LogoutAll=true
[2026-07-08 10:08:01 INF] Microsoft.AspNetCore.Mvc.Infrastructure.ControllerActionInvoker Executed action method GymAffiliate.Api.Controllers.AuthController.Logout (GymAffiliate.Api), returned result Microsoft.AspNetCore.Mvc.OkObjectResult in 21151.0101ms.
[2026-07-08 10:08:01 INF] Microsoft.AspNetCore.Mvc.Infrastructure.ObjectResultExecutor Executing OkObjectResult, writing value of type 'GymAffiliate.Shared.Result.ApiResponse'.
[2026-07-08 10:08:01 INF] Microsoft.AspNetCore.Mvc.Infrastructure.ControllerActionInvoker Executed action GymAffiliate.Api.Controllers.AuthController.Logout (GymAffiliate.Api) in 23975.1646ms
[2026-07-08 10:08:01 INF] Microsoft.AspNetCore.Routing.EndpointMiddleware Executed endpoint 'GymAffiliate.Api.Controllers.AuthController.Logout (GymAffiliate.Api)'
[2026-07-08 10:08:01 INF] Serilog.AspNetCore.RequestLoggingMiddleware HTTP POST /api/auth/logout → 200 (24099.3ms)
[2026-07-08 10:08:01 INF] Microsoft.AspNetCore.Hosting.Diagnostics Request finished HTTP/2 POST https://localhost:7001/api/auth/logout - 200 null application/json; charset=utf-8 24127.9776ms
[2026-07-08 10:08:19 INF] Microsoft.AspNetCore.Hosting.Diagnostics Request starting HTTP/2 POST https://localhost:7001/api/auth/mantenimiento/purgar-tokens - null 0
[2026-07-08 10:08:19 INF] Microsoft.AspNetCore.Cors.Infrastructure.CorsService CORS policy execution successful.
[2026-07-08 10:08:19 INF] Microsoft.AspNetCore.Authorization.DefaultAuthorizationService Authorization failed. These requirements were not met:
RolesAuthorizationRequirement:User.IsInRole must be true for one of the following roles: (SUPERADMIN)
[2026-07-08 10:08:52 INF]  GymAffiliate API lista. Swagger: https://localhost:xxxx/
[2026-07-08 10:08:52 INF] Microsoft.AspNetCore.DataProtection.KeyManagement.XmlKeyManager User profile is available. Using 'C:\Users\Miguel Angel\AppData\Local\ASP.NET\DataProtection-Keys' as key repository and Windows DPAPI to encrypt keys at rest.
[2026-07-08 10:08:52 INF] Microsoft.Hosting.Lifetime Now listening on: https://localhost:7001
[2026-07-08 10:08:52 INF] Microsoft.Hosting.Lifetime Now listening on: http://localhost:5001
[2026-07-08 10:08:53 INF] Microsoft.Hosting.Lifetime Application started. Press Ctrl+C to shut down.
[2026-07-08 10:08:53 INF] Microsoft.Hosting.Lifetime Hosting environment: Development
[2026-07-08 10:08:53 INF] Microsoft.Hosting.Lifetime Content root path: C:\Users\Miguel Angel\Documents\DesarrollosC#\GymAffiliate_API\GymAffiliate\src\Api
[2026-07-08 10:08:53 INF] Microsoft.AspNetCore.Hosting.Diagnostics Request starting HTTP/2 GET https://localhost:7001/index.html - null null
[2026-07-08 10:08:54 INF] Microsoft.AspNetCore.Hosting.Diagnostics Request finished HTTP/2 GET https://localhost:7001/index.html - 200 null text/html;charset=utf-8 638.5744ms
[2026-07-08 10:08:54 INF] Microsoft.AspNetCore.Hosting.Diagnostics Request starting HTTP/2 GET https://localhost:7001/_framework/aspnetcore-browser-refresh.js - null null
[2026-07-08 10:08:54 INF] Microsoft.AspNetCore.Hosting.Diagnostics Request starting HTTP/2 GET https://localhost:7001/_vs/browserLink - null null
[2026-07-08 10:08:54 INF] Microsoft.AspNetCore.Hosting.Diagnostics Request finished HTTP/2 GET https://localhost:7001/_framework/aspnetcore-browser-refresh.js - 200 16517 application/javascript; charset=utf-8 18.6829ms
[2026-07-08 10:08:54 INF] Microsoft.AspNetCore.Hosting.Diagnostics Request finished HTTP/2 GET https://localhost:7001/_vs/browserLink - 200 null text/javascript; charset=UTF-8 122.4187ms
[2026-07-08 10:08:54 INF] Microsoft.AspNetCore.Hosting.Diagnostics Request starting HTTP/2 GET https://localhost:7001/swagger/v1/swagger.json - null null
[2026-07-08 10:08:54 INF] Microsoft.AspNetCore.Hosting.Diagnostics Request finished HTTP/2 GET https://localhost:7001/swagger/v1/swagger.json - 200 null application/json;charset=utf-8 62.0607ms
[2026-07-08 10:09:00 INF] Microsoft.AspNetCore.Hosting.Diagnostics Request starting HTTP/2 POST https://localhost:7001/api/auth/mantenimiento/purgar-tokens - null 0
[2026-07-08 10:09:00 INF] Microsoft.AspNetCore.Cors.Infrastructure.CorsService CORS policy execution successful.
[2026-07-08 10:09:00 INF] Microsoft.AspNetCore.Routing.EndpointMiddleware Executing endpoint 'GymAffiliate.Api.Controllers.AuthController.PurgarTokens (GymAffiliate.Api)'
[2026-07-08 10:09:00 INF] Microsoft.AspNetCore.Mvc.Infrastructure.ControllerActionInvoker Route matched with {action = "PurgarTokens", controller = "Auth"}. Executing controller action with signature System.Threading.Tasks.Task`1[Microsoft.AspNetCore.Mvc.IActionResult] PurgarTokens(System.Threading.CancellationToken) on controller GymAffiliate.Api.Controllers.AuthController (GymAffiliate.Api).
[2026-07-08 10:09:00 INF] Microsoft.AspNetCore.Mvc.Infrastructure.ControllerActionInvoker Executing action method GymAffiliate.Api.Controllers.AuthController.PurgarTokens (GymAffiliate.Api) - Validation state: "Valid"
[2026-07-08 10:09:01 INF] GymAffiliate.Infrastructure.Persistence.Repositories.AuthRepository Purga ejecutada: Refresh=0 Access=0
[2026-07-08 10:09:01 INF] GymAffiliate.Application.UseCases.Auth.PurgarTokensHandler Purga completada: Refresh=0 Access=0
[2026-07-08 10:09:01 INF] Microsoft.AspNetCore.Mvc.Infrastructure.ControllerActionInvoker Executed action method GymAffiliate.Api.Controllers.AuthController.PurgarTokens (GymAffiliate.Api), returned result Microsoft.AspNetCore.Mvc.OkObjectResult in 812.7739ms.
[2026-07-08 10:09:01 INF] Microsoft.AspNetCore.Mvc.Infrastructure.ObjectResultExecutor Executing OkObjectResult, writing value of type 'GymAffiliate.Shared.Result.ApiResponse`1[[GymAffiliate.Application.DTOs.Responses.PurgaTokensResponse, GymAffiliate.Application, Version=1.0.0.0, Culture=neutral, PublicKeyToken=null]]'.
[2026-07-08 10:09:01 INF] Microsoft.AspNetCore.Mvc.Infrastructure.ControllerActionInvoker Executed action GymAffiliate.Api.Controllers.AuthController.PurgarTokens (GymAffiliate.Api) in 944.6786ms
[2026-07-08 10:09:01 INF] Microsoft.AspNetCore.Routing.EndpointMiddleware Executed endpoint 'GymAffiliate.Api.Controllers.AuthController.PurgarTokens (GymAffiliate.Api)'
[2026-07-08 10:09:01 INF] Serilog.AspNetCore.RequestLoggingMiddleware HTTP POST /api/auth/mantenimiento/purgar-tokens → 200 (1053.3ms)
[2026-07-08 10:09:01 INF] Microsoft.AspNetCore.Hosting.Diagnostics Request finished HTTP/2 POST https://localhost:7001/api/auth/mantenimiento/purgar-tokens - 200 null application/json; charset=utf-8 1078.9131ms
[2026-07-08 10:17:51 INF] Microsoft.AspNetCore.Hosting.Diagnostics Request starting HTTP/2 POST https://localhost:7001/api/auth/mantenimiento/purgar-tokens - null 0
[2026-07-08 10:17:51 INF] Microsoft.AspNetCore.Cors.Infrastructure.CorsService CORS policy execution successful.
[2026-07-08 10:17:51 INF] Microsoft.AspNetCore.Routing.EndpointMiddleware Executing endpoint 'GymAffiliate.Api.Controllers.AuthController.PurgarTokens (GymAffiliate.Api)'
[2026-07-08 10:17:51 INF] Microsoft.AspNetCore.Mvc.Infrastructure.ControllerActionInvoker Route matched with {action = "PurgarTokens", controller = "Auth"}. Executing controller action with signature System.Threading.Tasks.Task`1[Microsoft.AspNetCore.Mvc.IActionResult] PurgarTokens(System.Threading.CancellationToken) on controller GymAffiliate.Api.Controllers.AuthController (GymAffiliate.Api).
[2026-07-08 10:17:51 INF] Microsoft.AspNetCore.Mvc.Infrastructure.ControllerActionInvoker Executing action method GymAffiliate.Api.Controllers.AuthController.PurgarTokens (GymAffiliate.Api) - Validation state: "Valid"
[2026-07-08 10:17:52 INF] GymAffiliate.Infrastructure.Persistence.Repositories.AuthRepository Purga ejecutada: Refresh=5 Access=0
[2026-07-08 10:17:52 INF] GymAffiliate.Application.UseCases.Auth.PurgarTokensHandler Purga completada: Refresh=5 Access=0
[2026-07-08 10:17:52 INF] Microsoft.AspNetCore.Mvc.Infrastructure.ControllerActionInvoker Executed action method GymAffiliate.Api.Controllers.AuthController.PurgarTokens (GymAffiliate.Api), returned result Microsoft.AspNetCore.Mvc.OkObjectResult in 125.6612ms.
[2026-07-08 10:17:52 INF] Microsoft.AspNetCore.Mvc.Infrastructure.ObjectResultExecutor Executing OkObjectResult, writing value of type 'GymAffiliate.Shared.Result.ApiResponse`1[[GymAffiliate.Application.DTOs.Responses.PurgaTokensResponse, GymAffiliate.Application, Version=1.0.0.0, Culture=neutral, PublicKeyToken=null]]'.
[2026-07-08 10:17:52 INF] Microsoft.AspNetCore.Mvc.Infrastructure.ControllerActionInvoker Executed action GymAffiliate.Api.Controllers.AuthController.PurgarTokens (GymAffiliate.Api) in 216.5858ms
[2026-07-08 10:17:52 INF] Microsoft.AspNetCore.Routing.EndpointMiddleware Executed endpoint 'GymAffiliate.Api.Controllers.AuthController.PurgarTokens (GymAffiliate.Api)'
[2026-07-08 10:17:52 INF] Serilog.AspNetCore.RequestLoggingMiddleware HTTP POST /api/auth/mantenimiento/purgar-tokens → 200 (233.2ms)
[2026-07-08 10:17:52 INF] Microsoft.AspNetCore.Hosting.Diagnostics Request finished HTTP/2 POST https://localhost:7001/api/auth/mantenimiento/purgar-tokens - 200 null application/json; charset=utf-8 255.8124ms
[2026-07-08 10:18:38 INF] Microsoft.AspNetCore.Hosting.Diagnostics Request starting HTTP/2 POST https://localhost:7001/api/auth/mantenimiento/purgar-tokens - null 0
[2026-07-08 10:18:38 INF] Microsoft.AspNetCore.Cors.Infrastructure.CorsService CORS policy execution successful.
[2026-07-08 10:18:38 INF] Microsoft.AspNetCore.Routing.EndpointMiddleware Executing endpoint 'GymAffiliate.Api.Controllers.AuthController.PurgarTokens (GymAffiliate.Api)'
[2026-07-08 10:18:38 INF] Microsoft.AspNetCore.Mvc.Infrastructure.ControllerActionInvoker Route matched with {action = "PurgarTokens", controller = "Auth"}. Executing controller action with signature System.Threading.Tasks.Task`1[Microsoft.AspNetCore.Mvc.IActionResult] PurgarTokens(System.Threading.CancellationToken) on controller GymAffiliate.Api.Controllers.AuthController (GymAffiliate.Api).
[2026-07-08 10:18:38 INF] Microsoft.AspNetCore.Mvc.Infrastructure.ControllerActionInvoker Executing action method GymAffiliate.Api.Controllers.AuthController.PurgarTokens (GymAffiliate.Api) - Validation state: "Valid"
[2026-07-08 10:18:38 INF] GymAffiliate.Infrastructure.Persistence.Repositories.AuthRepository Purga ejecutada: Refresh=0 Access=0
[2026-07-08 10:18:38 INF] GymAffiliate.Application.UseCases.Auth.PurgarTokensHandler Purga completada: Refresh=0 Access=0
[2026-07-08 10:18:38 INF] Microsoft.AspNetCore.Mvc.Infrastructure.ControllerActionInvoker Executed action method GymAffiliate.Api.Controllers.AuthController.PurgarTokens (GymAffiliate.Api), returned result Microsoft.AspNetCore.Mvc.OkObjectResult in 106.9483ms.
[2026-07-08 10:18:38 INF] Microsoft.AspNetCore.Mvc.Infrastructure.ObjectResultExecutor Executing OkObjectResult, writing value of type 'GymAffiliate.Shared.Result.ApiResponse`1[[GymAffiliate.Application.DTOs.Responses.PurgaTokensResponse, GymAffiliate.Application, Version=1.0.0.0, Culture=neutral, PublicKeyToken=null]]'.
[2026-07-08 10:18:38 INF] Microsoft.AspNetCore.Mvc.Infrastructure.ControllerActionInvoker Executed action GymAffiliate.Api.Controllers.AuthController.PurgarTokens (GymAffiliate.Api) in 127.105ms
[2026-07-08 10:18:38 INF] Microsoft.AspNetCore.Routing.EndpointMiddleware Executed endpoint 'GymAffiliate.Api.Controllers.AuthController.PurgarTokens (GymAffiliate.Api)'
[2026-07-08 10:18:38 INF] Serilog.AspNetCore.RequestLoggingMiddleware HTTP POST /api/auth/mantenimiento/purgar-tokens → 200 (139.7ms)
[2026-07-08 10:18:38 INF] Microsoft.AspNetCore.Hosting.Diagnostics Request finished HTTP/2 POST https://localhost:7001/api/auth/mantenimiento/purgar-tokens - 200 null application/json; charset=utf-8 159.7202ms
[2026-07-08 10:20:55 INF] Microsoft.AspNetCore.Hosting.Diagnostics Request starting HTTP/2 POST https://localhost:7001/api/auth/mantenimiento/purgar-tokens - null 0
[2026-07-08 10:20:55 INF] Microsoft.AspNetCore.Cors.Infrastructure.CorsService CORS policy execution successful.
[2026-07-08 10:20:55 INF] Microsoft.AspNetCore.Routing.EndpointMiddleware Executing endpoint 'GymAffiliate.Api.Controllers.AuthController.PurgarTokens (GymAffiliate.Api)'
[2026-07-08 10:20:55 INF] Microsoft.AspNetCore.Mvc.Infrastructure.ControllerActionInvoker Route matched with {action = "PurgarTokens", controller = "Auth"}. Executing controller action with signature System.Threading.Tasks.Task`1[Microsoft.AspNetCore.Mvc.IActionResult] PurgarTokens(System.Threading.CancellationToken) on controller GymAffiliate.Api.Controllers.AuthController (GymAffiliate.Api).
[2026-07-08 10:20:55 INF] Microsoft.AspNetCore.Mvc.Infrastructure.ControllerActionInvoker Executing action method GymAffiliate.Api.Controllers.AuthController.PurgarTokens (GymAffiliate.Api) - Validation state: "Valid"
[2026-07-08 10:20:55 INF] GymAffiliate.Infrastructure.Persistence.Repositories.AuthRepository Purga ejecutada: Refresh=0 Access=0
[2026-07-08 10:20:55 INF] GymAffiliate.Application.UseCases.Auth.PurgarTokensHandler Purga completada: Refresh=0 Access=0
[2026-07-08 10:20:55 INF] Microsoft.AspNetCore.Mvc.Infrastructure.ControllerActionInvoker Executed action method GymAffiliate.Api.Controllers.AuthController.PurgarTokens (GymAffiliate.Api), returned result Microsoft.AspNetCore.Mvc.OkObjectResult in 108.261ms.
[2026-07-08 10:20:55 INF] Microsoft.AspNetCore.Mvc.Infrastructure.ObjectResultExecutor Executing OkObjectResult, writing value of type 'GymAffiliate.Shared.Result.ApiResponse`1[[GymAffiliate.Application.DTOs.Responses.PurgaTokensResponse, GymAffiliate.Application, Version=1.0.0.0, Culture=neutral, PublicKeyToken=null]]'.
[2026-07-08 10:20:55 INF] Microsoft.AspNetCore.Mvc.Infrastructure.ControllerActionInvoker Executed action GymAffiliate.Api.Controllers.AuthController.PurgarTokens (GymAffiliate.Api) in 156.676ms
[2026-07-08 10:20:55 INF] Microsoft.AspNetCore.Routing.EndpointMiddleware Executed endpoint 'GymAffiliate.Api.Controllers.AuthController.PurgarTokens (GymAffiliate.Api)'
[2026-07-08 10:20:55 INF] Serilog.AspNetCore.RequestLoggingMiddleware HTTP POST /api/auth/mantenimiento/purgar-tokens → 200 (167.9ms)
[2026-07-08 10:20:55 INF] Microsoft.AspNetCore.Hosting.Diagnostics Request finished HTTP/2 POST https://localhost:7001/api/auth/mantenimiento/purgar-tokens - 200 null application/json; charset=utf-8 196.0706ms
[2026-07-08 10:22:32 INF] Microsoft.AspNetCore.Hosting.Diagnostics Request starting HTTP/2 GET https://localhost:7001/api/auth/usuarios?RoleId=3&BranchId=1&PageNumber=1&PageSize=10 - null null
[2026-07-08 10:22:32 INF] Microsoft.AspNetCore.Authorization.DefaultAuthorizationService Authorization failed. These requirements were not met:
RolesAuthorizationRequirement:User.IsInRole must be true for one of the following roles: (SUPERADMIN|ADMIN)
[2026-07-08 10:24:18 INF]  GymAffiliate API lista. Swagger: https://localhost:xxxx/
[2026-07-08 10:24:18 INF] Microsoft.AspNetCore.DataProtection.KeyManagement.XmlKeyManager User profile is available. Using 'C:\Users\Miguel Angel\AppData\Local\ASP.NET\DataProtection-Keys' as key repository and Windows DPAPI to encrypt keys at rest.
[2026-07-08 10:24:18 INF] Microsoft.Hosting.Lifetime Now listening on: https://localhost:7001
[2026-07-08 10:24:18 INF] Microsoft.Hosting.Lifetime Now listening on: http://localhost:5001
[2026-07-08 10:24:19 INF] Microsoft.Hosting.Lifetime Application started. Press Ctrl+C to shut down.
[2026-07-08 10:24:19 INF] Microsoft.Hosting.Lifetime Hosting environment: Development
[2026-07-08 10:24:19 INF] Microsoft.Hosting.Lifetime Content root path: C:\Users\Miguel Angel\Documents\DesarrollosC#\GymAffiliate_API\GymAffiliate\src\Api
[2026-07-08 10:24:19 INF] Microsoft.AspNetCore.Hosting.Diagnostics Request starting HTTP/2 GET https://localhost:7001/index.html - null null
[2026-07-08 10:24:20 INF] Microsoft.AspNetCore.Hosting.Diagnostics Request finished HTTP/2 GET https://localhost:7001/index.html - 200 null text/html;charset=utf-8 673.9159ms
[2026-07-08 10:24:20 INF] Microsoft.AspNetCore.Hosting.Diagnostics Request starting HTTP/2 GET https://localhost:7001/_vs/browserLink - null null
[2026-07-08 10:24:20 INF] Microsoft.AspNetCore.Hosting.Diagnostics Request starting HTTP/2 GET https://localhost:7001/_framework/aspnetcore-browser-refresh.js - null null
[2026-07-08 10:24:20 INF] Microsoft.AspNetCore.Hosting.Diagnostics Request finished HTTP/2 GET https://localhost:7001/_framework/aspnetcore-browser-refresh.js - 200 16517 application/javascript; charset=utf-8 37.0927ms
[2026-07-08 10:24:20 INF] Microsoft.AspNetCore.Hosting.Diagnostics Request finished HTTP/2 GET https://localhost:7001/_vs/browserLink - 200 null text/javascript; charset=UTF-8 154.4935ms
[2026-07-08 10:24:20 INF] Microsoft.AspNetCore.Hosting.Diagnostics Request starting HTTP/2 GET https://localhost:7001/swagger/v1/swagger.json - null null
[2026-07-08 10:24:20 INF] Microsoft.AspNetCore.Hosting.Diagnostics Request finished HTTP/2 GET https://localhost:7001/swagger/v1/swagger.json - 200 null application/json;charset=utf-8 70.8173ms
[2026-07-08 10:24:42 INF] Microsoft.AspNetCore.Hosting.Diagnostics Request starting HTTP/2 GET https://localhost:7001/api/auth/usuarios?RoleId=3&BranchId=1&PageNumber=1&PageSize=10 - null null
[2026-07-08 10:24:42 INF] Microsoft.AspNetCore.Routing.EndpointMiddleware Executing endpoint 'GymAffiliate.Api.Controllers.AuthController.ListarUsuarios (GymAffiliate.Api)'
[2026-07-08 10:24:42 INF] Microsoft.AspNetCore.Mvc.Infrastructure.ControllerActionInvoker Route matched with {action = "ListarUsuarios", controller = "Auth"}. Executing controller action with signature System.Threading.Tasks.Task`1[Microsoft.AspNetCore.Mvc.IActionResult] ListarUsuarios(GymAffiliate.Application.DTOs.Requests.ListarUsuariosRequest, System.Threading.CancellationToken) on controller GymAffiliate.Api.Controllers.AuthController (GymAffiliate.Api).
[2026-07-08 10:24:42 INF] Microsoft.AspNetCore.Mvc.Infrastructure.ControllerActionInvoker Executing action method GymAffiliate.Api.Controllers.AuthController.ListarUsuarios (GymAffiliate.Api) - Validation state: "Valid"
[2026-07-08 10:24:46 INF] Microsoft.AspNetCore.Mvc.Infrastructure.ControllerActionInvoker Executed action method GymAffiliate.Api.Controllers.AuthController.ListarUsuarios (GymAffiliate.Api), returned result Microsoft.AspNetCore.Mvc.OkObjectResult in 3349.3714ms.
[2026-07-08 10:24:46 INF] Microsoft.AspNetCore.Mvc.Infrastructure.ObjectResultExecutor Executing OkObjectResult, writing value of type 'GymAffiliate.Shared.Result.PagedApiResponse`1[[GymAffiliate.Application.DTOs.Responses.UsuarioSistemaListaResponse, GymAffiliate.Application, Version=1.0.0.0, Culture=neutral, PublicKeyToken=null]]'.
[2026-07-08 10:24:46 INF] Microsoft.AspNetCore.Mvc.Infrastructure.ControllerActionInvoker Executed action GymAffiliate.Api.Controllers.AuthController.ListarUsuarios (GymAffiliate.Api) in 3519.9731ms
[2026-07-08 10:24:46 INF] Microsoft.AspNetCore.Routing.EndpointMiddleware Executed endpoint 'GymAffiliate.Api.Controllers.AuthController.ListarUsuarios (GymAffiliate.Api)'
[2026-07-08 10:24:46 INF] Serilog.AspNetCore.RequestLoggingMiddleware HTTP GET /api/auth/usuarios → 200 (3629.7ms)
[2026-07-08 10:24:46 INF] Microsoft.AspNetCore.Hosting.Diagnostics Request finished HTTP/2 GET https://localhost:7001/api/auth/usuarios?RoleId=3&BranchId=1&PageNumber=1&PageSize=10 - 200 null application/json; charset=utf-8 3654.6148ms
[2026-07-08 10:25:11 INF] Microsoft.AspNetCore.Hosting.Diagnostics Request starting HTTP/2 GET https://localhost:7001/api/auth/usuarios/1 - null null
[2026-07-08 10:25:11 INF] Microsoft.AspNetCore.Routing.EndpointMiddleware Executing endpoint 'GymAffiliate.Api.Controllers.AuthController.ObtenerUsuario (GymAffiliate.Api)'
[2026-07-08 10:25:11 INF] Microsoft.AspNetCore.Mvc.Infrastructure.ControllerActionInvoker Route matched with {action = "ObtenerUsuario", controller = "Auth"}. Executing controller action with signature System.Threading.Tasks.Task`1[Microsoft.AspNetCore.Mvc.IActionResult] ObtenerUsuario(Int32, System.Threading.CancellationToken) on controller GymAffiliate.Api.Controllers.AuthController (GymAffiliate.Api).
[2026-07-08 10:25:11 INF] Microsoft.AspNetCore.Mvc.Infrastructure.ControllerActionInvoker Executing action method GymAffiliate.Api.Controllers.AuthController.ObtenerUsuario (GymAffiliate.Api) - Validation state: "Valid"
[2026-07-08 10:25:11 INF] Microsoft.AspNetCore.Mvc.Infrastructure.ControllerActionInvoker Executed action method GymAffiliate.Api.Controllers.AuthController.ObtenerUsuario (GymAffiliate.Api), returned result Microsoft.AspNetCore.Mvc.OkObjectResult in 44.589ms.
[2026-07-08 10:25:11 INF] Microsoft.AspNetCore.Mvc.Infrastructure.ObjectResultExecutor Executing OkObjectResult, writing value of type 'GymAffiliate.Shared.Result.ApiResponse`1[[GymAffiliate.Application.DTOs.Responses.UsuarioSistemaResponse, GymAffiliate.Application, Version=1.0.0.0, Culture=neutral, PublicKeyToken=null]]'.
[2026-07-08 10:25:11 INF] Microsoft.AspNetCore.Mvc.Infrastructure.ControllerActionInvoker Executed action GymAffiliate.Api.Controllers.AuthController.ObtenerUsuario (GymAffiliate.Api) in 84.442ms
[2026-07-08 10:25:11 INF] Microsoft.AspNetCore.Routing.EndpointMiddleware Executed endpoint 'GymAffiliate.Api.Controllers.AuthController.ObtenerUsuario (GymAffiliate.Api)'
[2026-07-08 10:25:11 INF] Serilog.AspNetCore.RequestLoggingMiddleware HTTP GET /api/auth/usuarios/1 → 200 (107.5ms)
[2026-07-08 10:25:11 INF] Microsoft.AspNetCore.Hosting.Diagnostics Request finished HTTP/2 GET https://localhost:7001/api/auth/usuarios/1 - 200 null application/json; charset=utf-8 121.8109ms
[2026-07-08 10:26:00 INF] Microsoft.AspNetCore.Hosting.Diagnostics Request starting HTTP/2 POST https://localhost:7001/api/auth/usuarios - application/json 141
[2026-07-08 10:26:00 INF] Microsoft.AspNetCore.Cors.Infrastructure.CorsService CORS policy execution successful.
[2026-07-08 10:26:00 INF] Microsoft.AspNetCore.Routing.EndpointMiddleware Executing endpoint 'GymAffiliate.Api.Controllers.AuthController.CrearUsuario (GymAffiliate.Api)'
[2026-07-08 10:26:00 INF] Microsoft.AspNetCore.Mvc.Infrastructure.ControllerActionInvoker Route matched with {action = "CrearUsuario", controller = "Auth"}. Executing controller action with signature System.Threading.Tasks.Task`1[Microsoft.AspNetCore.Mvc.IActionResult] CrearUsuario(GymAffiliate.Application.DTOs.Requests.CrearUsuarioRequest, System.Threading.CancellationToken) on controller GymAffiliate.Api.Controllers.AuthController (GymAffiliate.Api).
[2026-07-08 10:26:00 INF] Microsoft.AspNetCore.Mvc.Infrastructure.ControllerActionInvoker Executing action method GymAffiliate.Api.Controllers.AuthController.CrearUsuario (GymAffiliate.Api) - Validation state: "Valid"
[2026-07-08 10:26:00 INF] Microsoft.AspNetCore.Mvc.Infrastructure.ControllerActionInvoker Executed action method GymAffiliate.Api.Controllers.AuthController.CrearUsuario (GymAffiliate.Api), returned result Microsoft.AspNetCore.Mvc.UnauthorizedResult in 2.0258ms.
[2026-07-08 10:26:00 INF] Microsoft.AspNetCore.Mvc.Infrastructure.ObjectResultExecutor Executing ObjectResult, writing value of type 'Microsoft.AspNetCore.Mvc.ProblemDetails'.
[2026-07-08 10:26:00 INF] Microsoft.AspNetCore.Mvc.Infrastructure.ControllerActionInvoker Executed action GymAffiliate.Api.Controllers.AuthController.CrearUsuario (GymAffiliate.Api) in 87.2959ms
[2026-07-08 10:26:00 INF] Microsoft.AspNetCore.Routing.EndpointMiddleware Executed endpoint 'GymAffiliate.Api.Controllers.AuthController.CrearUsuario (GymAffiliate.Api)'
[2026-07-08 10:26:00 INF] Serilog.AspNetCore.RequestLoggingMiddleware HTTP POST /api/auth/usuarios → 401 (114.6ms)
[2026-07-08 10:26:00 INF] Microsoft.AspNetCore.Hosting.Diagnostics Request finished HTTP/2 POST https://localhost:7001/api/auth/usuarios - 401 null application/problem+json; charset=utf-8 136.3799ms
[2026-07-08 10:26:43 INF] Microsoft.AspNetCore.Hosting.Diagnostics Request starting HTTP/2 POST https://localhost:7001/api/auth/usuarios - application/json 141
[2026-07-08 10:26:43 INF] Microsoft.AspNetCore.Cors.Infrastructure.CorsService CORS policy execution successful.
[2026-07-08 10:26:43 INF] Microsoft.AspNetCore.Routing.EndpointMiddleware Executing endpoint 'GymAffiliate.Api.Controllers.AuthController.CrearUsuario (GymAffiliate.Api)'
[2026-07-08 10:26:43 INF] Microsoft.AspNetCore.Mvc.Infrastructure.ControllerActionInvoker Route matched with {action = "CrearUsuario", controller = "Auth"}. Executing controller action with signature System.Threading.Tasks.Task`1[Microsoft.AspNetCore.Mvc.IActionResult] CrearUsuario(GymAffiliate.Application.DTOs.Requests.CrearUsuarioRequest, System.Threading.CancellationToken) on controller GymAffiliate.Api.Controllers.AuthController (GymAffiliate.Api).
[2026-07-08 10:28:04 INF]  GymAffiliate API lista. Swagger: https://localhost:xxxx/
[2026-07-08 10:28:04 INF] Microsoft.AspNetCore.DataProtection.KeyManagement.XmlKeyManager User profile is available. Using 'C:\Users\Miguel Angel\AppData\Local\ASP.NET\DataProtection-Keys' as key repository and Windows DPAPI to encrypt keys at rest.
[2026-07-08 10:28:04 INF] Microsoft.Hosting.Lifetime Now listening on: https://localhost:7001
[2026-07-08 10:28:04 INF] Microsoft.Hosting.Lifetime Now listening on: http://localhost:5001
[2026-07-08 10:28:04 INF] Microsoft.Hosting.Lifetime Application started. Press Ctrl+C to shut down.
[2026-07-08 10:28:04 INF] Microsoft.Hosting.Lifetime Hosting environment: Development
[2026-07-08 10:28:04 INF] Microsoft.Hosting.Lifetime Content root path: C:\Users\Miguel Angel\Documents\DesarrollosC#\GymAffiliate_API\GymAffiliate\src\Api
[2026-07-08 10:28:04 INF] Microsoft.AspNetCore.Hosting.Diagnostics Request starting HTTP/2 GET https://localhost:7001/index.html - null null
[2026-07-08 10:28:05 INF] Microsoft.AspNetCore.Hosting.Diagnostics Request finished HTTP/2 GET https://localhost:7001/index.html - 200 null text/html;charset=utf-8 214.4616ms
[2026-07-08 10:28:05 INF] Microsoft.AspNetCore.Hosting.Diagnostics Request starting HTTP/2 GET https://localhost:7001/_vs/browserLink - null null
[2026-07-08 10:28:05 INF] Microsoft.AspNetCore.Hosting.Diagnostics Request starting HTTP/2 GET https://localhost:7001/_framework/aspnetcore-browser-refresh.js - null null
[2026-07-08 10:28:05 INF] Microsoft.AspNetCore.Hosting.Diagnostics Request finished HTTP/2 GET https://localhost:7001/_framework/aspnetcore-browser-refresh.js - 200 16517 application/javascript; charset=utf-8 29.1914ms
[2026-07-08 10:28:05 INF] Microsoft.AspNetCore.Hosting.Diagnostics Request finished HTTP/2 GET https://localhost:7001/_vs/browserLink - 200 null text/javascript; charset=UTF-8 64.6046ms
[2026-07-08 10:28:05 INF] Microsoft.AspNetCore.Hosting.Diagnostics Request starting HTTP/2 GET https://localhost:7001/swagger/v1/swagger.json - null null
[2026-07-08 10:28:05 INF] Microsoft.AspNetCore.Hosting.Diagnostics Request finished HTTP/2 GET https://localhost:7001/swagger/v1/swagger.json - 200 null application/json;charset=utf-8 26.4554ms
[2026-07-08 10:28:39 INF] Microsoft.AspNetCore.Hosting.Diagnostics Request starting HTTP/2 POST https://localhost:7001/api/auth/usuarios - application/json 140
[2026-07-08 10:28:39 INF] Microsoft.AspNetCore.Cors.Infrastructure.CorsService CORS policy execution successful.
[2026-07-08 10:28:39 INF] Microsoft.AspNetCore.Routing.EndpointMiddleware Executing endpoint 'GymAffiliate.Api.Controllers.AuthController.CrearUsuario (GymAffiliate.Api)'
[2026-07-08 10:28:39 INF] Microsoft.AspNetCore.Mvc.Infrastructure.ControllerActionInvoker Route matched with {action = "CrearUsuario", controller = "Auth"}. Executing controller action with signature System.Threading.Tasks.Task`1[Microsoft.AspNetCore.Mvc.IActionResult] CrearUsuario(GymAffiliate.Application.DTOs.Requests.CrearUsuarioRequest, System.Threading.CancellationToken) on controller GymAffiliate.Api.Controllers.AuthController (GymAffiliate.Api).
[2026-07-08 10:28:50 INF] Microsoft.AspNetCore.Mvc.Infrastructure.ControllerActionInvoker Executing action method GymAffiliate.Api.Controllers.AuthController.CrearUsuario (GymAffiliate.Api) - Validation state: "Valid"
[2026-07-08 10:28:50 INF] Microsoft.AspNetCore.Mvc.Infrastructure.ControllerActionInvoker Executed action method GymAffiliate.Api.Controllers.AuthController.CrearUsuario (GymAffiliate.Api), returned result Microsoft.AspNetCore.Mvc.UnauthorizedResult in 7.1756ms.
[2026-07-08 10:28:50 INF] Microsoft.AspNetCore.Mvc.Infrastructure.ObjectResultExecutor Executing ObjectResult, writing value of type 'Microsoft.AspNetCore.Mvc.ProblemDetails'.
[2026-07-08 10:28:50 INF] Microsoft.AspNetCore.Mvc.Infrastructure.ControllerActionInvoker Executed action GymAffiliate.Api.Controllers.AuthController.CrearUsuario (GymAffiliate.Api) in 10494.9912ms
[2026-07-08 10:28:50 INF] Microsoft.AspNetCore.Routing.EndpointMiddleware Executed endpoint 'GymAffiliate.Api.Controllers.AuthController.CrearUsuario (GymAffiliate.Api)'
[2026-07-08 10:28:50 INF] Serilog.AspNetCore.RequestLoggingMiddleware HTTP POST /api/auth/usuarios → 401 (10603.4ms)
[2026-07-08 10:28:50 INF] Microsoft.AspNetCore.Hosting.Diagnostics Request finished HTTP/2 POST https://localhost:7001/api/auth/usuarios - 401 null application/problem+json; charset=utf-8 10639.3558ms
[2026-07-08 10:29:28 INF] Microsoft.AspNetCore.Hosting.Diagnostics Request starting HTTP/2 POST https://localhost:7001/api/auth/usuarios - application/json 140
[2026-07-08 10:29:28 INF] Microsoft.AspNetCore.Cors.Infrastructure.CorsService CORS policy execution successful.
[2026-07-08 10:29:28 INF] Microsoft.AspNetCore.Routing.EndpointMiddleware Executing endpoint 'GymAffiliate.Api.Controllers.AuthController.CrearUsuario (GymAffiliate.Api)'
[2026-07-08 10:29:28 INF] Microsoft.AspNetCore.Mvc.Infrastructure.ControllerActionInvoker Route matched with {action = "CrearUsuario", controller = "Auth"}. Executing controller action with signature System.Threading.Tasks.Task`1[Microsoft.AspNetCore.Mvc.IActionResult] CrearUsuario(GymAffiliate.Application.DTOs.Requests.CrearUsuarioRequest, System.Threading.CancellationToken) on controller GymAffiliate.Api.Controllers.AuthController (GymAffiliate.Api).
[2026-07-08 10:29:30 INF] Microsoft.AspNetCore.Mvc.Infrastructure.ControllerActionInvoker Executing action method GymAffiliate.Api.Controllers.AuthController.CrearUsuario (GymAffiliate.Api) - Validation state: "Valid"
[2026-07-08 10:29:30 INF] Microsoft.AspNetCore.Mvc.Infrastructure.ControllerActionInvoker Executed action method GymAffiliate.Api.Controllers.AuthController.CrearUsuario (GymAffiliate.Api), returned result Microsoft.AspNetCore.Mvc.UnauthorizedResult in 0.2592ms.
[2026-07-08 10:29:30 INF] Microsoft.AspNetCore.Mvc.Infrastructure.ObjectResultExecutor Executing ObjectResult, writing value of type 'Microsoft.AspNetCore.Mvc.ProblemDetails'.
[2026-07-08 10:29:30 INF] Microsoft.AspNetCore.Mvc.Infrastructure.ControllerActionInvoker Executed action GymAffiliate.Api.Controllers.AuthController.CrearUsuario (GymAffiliate.Api) in 2462.0637ms
[2026-07-08 10:29:30 INF] Microsoft.AspNetCore.Routing.EndpointMiddleware Executed endpoint 'GymAffiliate.Api.Controllers.AuthController.CrearUsuario (GymAffiliate.Api)'
[2026-07-08 10:29:30 INF] Serilog.AspNetCore.RequestLoggingMiddleware HTTP POST /api/auth/usuarios → 401 (2477.0ms)
[2026-07-08 10:29:30 INF] Microsoft.AspNetCore.Hosting.Diagnostics Request finished HTTP/2 POST https://localhost:7001/api/auth/usuarios - 401 null application/problem+json; charset=utf-8 2495.1832ms
[2026-07-08 10:29:46 INF] Microsoft.AspNetCore.Hosting.Diagnostics Request starting HTTP/2 POST https://localhost:7001/api/auth/usuarios - application/json 140
[2026-07-08 10:29:46 INF] Microsoft.AspNetCore.Cors.Infrastructure.CorsService CORS policy execution successful.
[2026-07-08 10:29:46 INF] Microsoft.AspNetCore.Routing.EndpointMiddleware Executing endpoint 'GymAffiliate.Api.Controllers.AuthController.CrearUsuario (GymAffiliate.Api)'
[2026-07-08 10:29:46 INF] Microsoft.AspNetCore.Mvc.Infrastructure.ControllerActionInvoker Route matched with {action = "CrearUsuario", controller = "Auth"}. Executing controller action with signature System.Threading.Tasks.Task`1[Microsoft.AspNetCore.Mvc.IActionResult] CrearUsuario(GymAffiliate.Application.DTOs.Requests.CrearUsuarioRequest, System.Threading.CancellationToken) on controller GymAffiliate.Api.Controllers.AuthController (GymAffiliate.Api).
[2026-07-08 10:29:49 INF] Microsoft.AspNetCore.Mvc.Infrastructure.ControllerActionInvoker Executing action method GymAffiliate.Api.Controllers.AuthController.CrearUsuario (GymAffiliate.Api) - Validation state: "Valid"
[2026-07-08 10:29:49 INF] Microsoft.AspNetCore.Mvc.Infrastructure.ControllerActionInvoker Executed action method GymAffiliate.Api.Controllers.AuthController.CrearUsuario (GymAffiliate.Api), returned result Microsoft.AspNetCore.Mvc.UnauthorizedResult in 0.7012ms.
[2026-07-08 10:29:49 INF] Microsoft.AspNetCore.Mvc.Infrastructure.ObjectResultExecutor Executing ObjectResult, writing value of type 'Microsoft.AspNetCore.Mvc.ProblemDetails'.
[2026-07-08 10:29:49 INF] Microsoft.AspNetCore.Mvc.Infrastructure.ControllerActionInvoker Executed action GymAffiliate.Api.Controllers.AuthController.CrearUsuario (GymAffiliate.Api) in 2787.2203ms
[2026-07-08 10:29:49 INF] Microsoft.AspNetCore.Routing.EndpointMiddleware Executed endpoint 'GymAffiliate.Api.Controllers.AuthController.CrearUsuario (GymAffiliate.Api)'
[2026-07-08 10:29:49 INF] Serilog.AspNetCore.RequestLoggingMiddleware HTTP POST /api/auth/usuarios → 401 (2797.6ms)
[2026-07-08 10:29:49 INF] Microsoft.AspNetCore.Hosting.Diagnostics Request finished HTTP/2 POST https://localhost:7001/api/auth/usuarios - 401 null application/problem+json; charset=utf-8 2817.9881ms
[2026-07-08 10:29:50 INF] Microsoft.AspNetCore.Hosting.Diagnostics Request starting HTTP/2 GET https://localhost:7001/index.html - null null
[2026-07-08 10:29:50 INF] Microsoft.AspNetCore.Hosting.Diagnostics Request finished HTTP/2 GET https://localhost:7001/index.html - 200 null text/html;charset=utf-8 52.6521ms
[2026-07-08 10:29:50 INF] Microsoft.AspNetCore.Hosting.Diagnostics Request starting HTTP/2 GET https://localhost:7001/_vs/browserLink - null null
[2026-07-08 10:29:50 INF] Microsoft.AspNetCore.Hosting.Diagnostics Request starting HTTP/2 GET https://localhost:7001/_framework/aspnetcore-browser-refresh.js - null null
[2026-07-08 10:29:50 INF] Microsoft.AspNetCore.Hosting.Diagnostics Request finished HTTP/2 GET https://localhost:7001/_framework/aspnetcore-browser-refresh.js - 200 16517 application/javascript; charset=utf-8 15.894ms
[2026-07-08 10:29:50 INF] Microsoft.AspNetCore.Hosting.Diagnostics Request finished HTTP/2 GET https://localhost:7001/_vs/browserLink - 200 null text/javascript; charset=UTF-8 38.0889ms
[2026-07-08 10:29:50 INF] Microsoft.AspNetCore.Hosting.Diagnostics Request starting HTTP/2 GET https://localhost:7001/swagger/v1/swagger.json - null null
[2026-07-08 10:29:50 INF] Microsoft.AspNetCore.Hosting.Diagnostics Request finished HTTP/2 GET https://localhost:7001/swagger/v1/swagger.json - 200 null application/json;charset=utf-8 27.9806ms
[2026-07-08 10:30:33 INF] Microsoft.AspNetCore.Hosting.Diagnostics Request starting HTTP/2 POST https://localhost:7001/api/auth/usuarios - application/json 145
[2026-07-08 10:30:33 INF] Microsoft.AspNetCore.Cors.Infrastructure.CorsService CORS policy execution successful.
[2026-07-08 10:30:33 INF] Microsoft.AspNetCore.Authorization.DefaultAuthorizationService Authorization failed. These requirements were not met:
RolesAuthorizationRequirement:User.IsInRole must be true for one of the following roles: (SUPERADMIN|ADMIN)
[2026-07-08 10:30:40 INF] Microsoft.AspNetCore.Authentication.JwtBearer.JwtBearerHandler AuthenticationScheme: Bearer was challenged.
[2026-07-08 10:30:40 INF] Serilog.AspNetCore.RequestLoggingMiddleware HTTP POST /api/auth/usuarios → 401 (7196.1ms)
[2026-07-08 10:30:40 INF] Microsoft.AspNetCore.Hosting.Diagnostics Request finished HTTP/2 POST https://localhost:7001/api/auth/usuarios - 401 null application/json 7205.4868ms
[2026-07-08 10:30:57 INF]  GymAffiliate API lista. Swagger: https://localhost:xxxx/
[2026-07-08 10:30:57 INF] Microsoft.AspNetCore.DataProtection.KeyManagement.XmlKeyManager User profile is available. Using 'C:\Users\Miguel Angel\AppData\Local\ASP.NET\DataProtection-Keys' as key repository and Windows DPAPI to encrypt keys at rest.
[2026-07-08 10:30:57 INF] Microsoft.Hosting.Lifetime Now listening on: https://localhost:7001
[2026-07-08 10:30:57 INF] Microsoft.Hosting.Lifetime Now listening on: http://localhost:5001
[2026-07-08 10:30:58 INF] Microsoft.Hosting.Lifetime Application started. Press Ctrl+C to shut down.
[2026-07-08 10:30:58 INF] Microsoft.Hosting.Lifetime Hosting environment: Development
[2026-07-08 10:30:58 INF] Microsoft.Hosting.Lifetime Content root path: C:\Users\Miguel Angel\Documents\DesarrollosC#\GymAffiliate_API\GymAffiliate\src\Api
[2026-07-08 10:30:58 INF] Microsoft.AspNetCore.Hosting.Diagnostics Request starting HTTP/2 GET https://localhost:7001/index.html - null null
[2026-07-08 10:30:59 INF] Microsoft.AspNetCore.Hosting.Diagnostics Request finished HTTP/2 GET https://localhost:7001/index.html - 200 null text/html;charset=utf-8 811.7272ms
[2026-07-08 10:30:59 INF] Microsoft.AspNetCore.Hosting.Diagnostics Request starting HTTP/2 GET https://localhost:7001/_framework/aspnetcore-browser-refresh.js - null null
[2026-07-08 10:30:59 INF] Microsoft.AspNetCore.Hosting.Diagnostics Request starting HTTP/2 GET https://localhost:7001/_vs/browserLink - null null
[2026-07-08 10:30:59 INF] Microsoft.AspNetCore.Hosting.Diagnostics Request finished HTTP/2 GET https://localhost:7001/_framework/aspnetcore-browser-refresh.js - 200 16517 application/javascript; charset=utf-8 20.7106ms
[2026-07-08 10:30:59 INF] Microsoft.AspNetCore.Hosting.Diagnostics Request finished HTTP/2 GET https://localhost:7001/_vs/browserLink - 200 null text/javascript; charset=UTF-8 133.1502ms
[2026-07-08 10:30:59 INF] Microsoft.AspNetCore.Hosting.Diagnostics Request starting HTTP/2 GET https://localhost:7001/swagger/v1/swagger.json - null null
[2026-07-08 10:30:59 INF] Microsoft.AspNetCore.Hosting.Diagnostics Request finished HTTP/2 GET https://localhost:7001/swagger/v1/swagger.json - 200 null application/json;charset=utf-8 75.3632ms
[2026-07-08 10:31:23 INF] Microsoft.AspNetCore.Hosting.Diagnostics Request starting HTTP/2 POST https://localhost:7001/api/auth/usuarios - application/json 145
[2026-07-08 10:31:23 INF] Microsoft.AspNetCore.Cors.Infrastructure.CorsService CORS policy execution successful.
[2026-07-08 10:31:23 INF] Microsoft.AspNetCore.Routing.EndpointMiddleware Executing endpoint 'GymAffiliate.Api.Controllers.AuthController.CrearUsuario (GymAffiliate.Api)'
[2026-07-08 10:31:23 INF] Microsoft.AspNetCore.Mvc.Infrastructure.ControllerActionInvoker Route matched with {action = "CrearUsuario", controller = "Auth"}. Executing controller action with signature System.Threading.Tasks.Task`1[Microsoft.AspNetCore.Mvc.IActionResult] CrearUsuario(GymAffiliate.Application.DTOs.Requests.CrearUsuarioRequest, System.Threading.CancellationToken) on controller GymAffiliate.Api.Controllers.AuthController (GymAffiliate.Api).
[2026-07-08 10:31:26 INF] Microsoft.AspNetCore.Mvc.Infrastructure.ControllerActionInvoker Executing action method GymAffiliate.Api.Controllers.AuthController.CrearUsuario (GymAffiliate.Api) - Validation state: "Valid"
[2026-07-08 10:33:32 INF] Microsoft.AspNetCore.Mvc.Infrastructure.ControllerActionInvoker Executed action method GymAffiliate.Api.Controllers.AuthController.CrearUsuario (GymAffiliate.Api), returned result Microsoft.AspNetCore.Mvc.UnauthorizedResult in 125188.2042ms.
[2026-07-08 10:33:32 INF] Microsoft.AspNetCore.Mvc.Infrastructure.ObjectResultExecutor Executing ObjectResult, writing value of type 'Microsoft.AspNetCore.Mvc.ProblemDetails'.
[2026-07-08 10:33:32 INF] Microsoft.AspNetCore.Mvc.Infrastructure.ControllerActionInvoker Executed action GymAffiliate.Api.Controllers.AuthController.CrearUsuario (GymAffiliate.Api) in 128478.9957ms
[2026-07-08 10:33:32 INF] Microsoft.AspNetCore.Routing.EndpointMiddleware Executed endpoint 'GymAffiliate.Api.Controllers.AuthController.CrearUsuario (GymAffiliate.Api)'
[2026-07-08 10:33:32 INF] Serilog.AspNetCore.RequestLoggingMiddleware HTTP POST /api/auth/usuarios → 401 (128711.1ms)
[2026-07-08 10:33:32 INF] Microsoft.AspNetCore.Hosting.Diagnostics Request finished HTTP/2 POST https://localhost:7001/api/auth/usuarios - 401 null application/problem+json; charset=utf-8 128747.293ms
[2026-07-08 10:33:36 INF] Microsoft.AspNetCore.Hosting.Diagnostics Request starting HTTP/2 POST https://localhost:7001/api/auth/usuarios - application/json 145
[2026-07-08 10:33:36 INF] Microsoft.AspNetCore.Cors.Infrastructure.CorsService CORS policy execution successful.
[2026-07-08 10:33:36 INF] Microsoft.AspNetCore.Routing.EndpointMiddleware Executing endpoint 'GymAffiliate.Api.Controllers.AuthController.CrearUsuario (GymAffiliate.Api)'
[2026-07-08 10:33:36 INF] Microsoft.AspNetCore.Mvc.Infrastructure.ControllerActionInvoker Route matched with {action = "CrearUsuario", controller = "Auth"}. Executing controller action with signature System.Threading.Tasks.Task`1[Microsoft.AspNetCore.Mvc.IActionResult] CrearUsuario(GymAffiliate.Application.DTOs.Requests.CrearUsuarioRequest, System.Threading.CancellationToken) on controller GymAffiliate.Api.Controllers.AuthController (GymAffiliate.Api).
[2026-07-08 10:33:39 INF] Microsoft.AspNetCore.Mvc.Infrastructure.ControllerActionInvoker Executing action method GymAffiliate.Api.Controllers.AuthController.CrearUsuario (GymAffiliate.Api) - Validation state: "Valid"
[2026-07-08 10:38:24 INF] Microsoft.AspNetCore.Mvc.Infrastructure.ControllerActionInvoker Executed action method GymAffiliate.Api.Controllers.AuthController.CrearUsuario (GymAffiliate.Api), returned result Microsoft.AspNetCore.Mvc.UnauthorizedResult in 284491.5067ms.
[2026-07-08 10:38:24 INF] Microsoft.AspNetCore.Mvc.Infrastructure.ObjectResultExecutor Executing ObjectResult, writing value of type 'Microsoft.AspNetCore.Mvc.ProblemDetails'.
[2026-07-08 10:38:24 INF] Microsoft.AspNetCore.Mvc.Infrastructure.ControllerActionInvoker Executed action GymAffiliate.Api.Controllers.AuthController.CrearUsuario (GymAffiliate.Api) in 287509.3588ms
[2026-07-08 10:38:24 INF] Microsoft.AspNetCore.Routing.EndpointMiddleware Executed endpoint 'GymAffiliate.Api.Controllers.AuthController.CrearUsuario (GymAffiliate.Api)'
[2026-07-08 10:38:24 INF] Serilog.AspNetCore.RequestLoggingMiddleware HTTP POST /api/auth/usuarios → 401 (287523.8ms)
[2026-07-08 10:38:24 INF] Microsoft.AspNetCore.Hosting.Diagnostics Request finished HTTP/2 POST https://localhost:7001/api/auth/usuarios - 401 null application/problem+json; charset=utf-8 287543.0454ms
[2026-07-08 10:38:29 INF] Microsoft.AspNetCore.Hosting.Diagnostics Request starting HTTP/2 POST https://localhost:7001/api/auth/usuarios - application/json 145
[2026-07-08 10:38:29 INF] Microsoft.AspNetCore.Cors.Infrastructure.CorsService CORS policy execution successful.
[2026-07-08 10:38:29 INF] Microsoft.AspNetCore.Routing.EndpointMiddleware Executing endpoint 'GymAffiliate.Api.Controllers.AuthController.CrearUsuario (GymAffiliate.Api)'
[2026-07-08 10:38:29 INF] Microsoft.AspNetCore.Mvc.Infrastructure.ControllerActionInvoker Route matched with {action = "CrearUsuario", controller = "Auth"}. Executing controller action with signature System.Threading.Tasks.Task`1[Microsoft.AspNetCore.Mvc.IActionResult] CrearUsuario(GymAffiliate.Application.DTOs.Requests.CrearUsuarioRequest, System.Threading.CancellationToken) on controller GymAffiliate.Api.Controllers.AuthController (GymAffiliate.Api).
[2026-07-08 10:38:31 INF] Microsoft.AspNetCore.Mvc.Infrastructure.ControllerActionInvoker Executing action method GymAffiliate.Api.Controllers.AuthController.CrearUsuario (GymAffiliate.Api) - Validation state: "Valid"
[2026-07-08 10:42:33 INF]  GymAffiliate API lista. Swagger: https://localhost:xxxx/
[2026-07-08 10:42:33 INF] Microsoft.AspNetCore.DataProtection.KeyManagement.XmlKeyManager User profile is available. Using 'C:\Users\Miguel Angel\AppData\Local\ASP.NET\DataProtection-Keys' as key repository and Windows DPAPI to encrypt keys at rest.
[2026-07-08 10:42:33 INF] Microsoft.Hosting.Lifetime Now listening on: https://localhost:7001
[2026-07-08 10:42:33 INF] Microsoft.Hosting.Lifetime Now listening on: http://localhost:5001
[2026-07-08 10:42:33 INF] Microsoft.Hosting.Lifetime Application started. Press Ctrl+C to shut down.
[2026-07-08 10:42:33 INF] Microsoft.Hosting.Lifetime Hosting environment: Development
[2026-07-08 10:42:33 INF] Microsoft.Hosting.Lifetime Content root path: C:\Users\Miguel Angel\Documents\DesarrollosC#\GymAffiliate_API\GymAffiliate\src\Api
[2026-07-08 10:42:33 INF] Microsoft.AspNetCore.Hosting.Diagnostics Request starting HTTP/2 GET https://localhost:7001/index.html - null null
[2026-07-08 10:42:34 INF] Microsoft.AspNetCore.Hosting.Diagnostics Request finished HTTP/2 GET https://localhost:7001/index.html - 200 null text/html;charset=utf-8 620.5806ms
[2026-07-08 10:42:34 INF] Microsoft.AspNetCore.Hosting.Diagnostics Request starting HTTP/2 GET https://localhost:7001/_framework/aspnetcore-browser-refresh.js - null null
[2026-07-08 10:42:34 INF] Microsoft.AspNetCore.Hosting.Diagnostics Request starting HTTP/2 GET https://localhost:7001/_vs/browserLink - null null
[2026-07-08 10:42:34 INF] Microsoft.AspNetCore.Hosting.Diagnostics Request finished HTTP/2 GET https://localhost:7001/_framework/aspnetcore-browser-refresh.js - 200 16517 application/javascript; charset=utf-8 22.6225ms
[2026-07-08 10:42:34 INF] Microsoft.AspNetCore.Hosting.Diagnostics Request finished HTTP/2 GET https://localhost:7001/_vs/browserLink - 200 null text/javascript; charset=UTF-8 120.3177ms
[2026-07-08 10:42:34 INF] Microsoft.AspNetCore.Hosting.Diagnostics Request starting HTTP/2 GET https://localhost:7001/swagger/v1/swagger.json - null null
[2026-07-08 10:42:34 INF] Microsoft.AspNetCore.Hosting.Diagnostics Request finished HTTP/2 GET https://localhost:7001/swagger/v1/swagger.json - 200 null application/json;charset=utf-8 63.4775ms
[2026-07-08 10:42:59 INF] Microsoft.AspNetCore.Hosting.Diagnostics Request starting HTTP/2 POST https://localhost:7001/api/auth/usuarios - application/json 145
[2026-07-08 10:42:59 INF] Microsoft.AspNetCore.Cors.Infrastructure.CorsService CORS policy execution successful.
[2026-07-08 10:42:59 INF] Microsoft.AspNetCore.Routing.EndpointMiddleware Executing endpoint 'GymAffiliate.Api.Controllers.AuthController.CrearUsuario (GymAffiliate.Api)'
[2026-07-08 10:42:59 INF] Microsoft.AspNetCore.Mvc.Infrastructure.ControllerActionInvoker Route matched with {action = "CrearUsuario", controller = "Auth"}. Executing controller action with signature System.Threading.Tasks.Task`1[Microsoft.AspNetCore.Mvc.IActionResult] CrearUsuario(GymAffiliate.Application.DTOs.Requests.CrearUsuarioRequest, System.Threading.CancellationToken) on controller GymAffiliate.Api.Controllers.AuthController (GymAffiliate.Api).
[2026-07-08 10:43:02 INF] Microsoft.AspNetCore.Mvc.Infrastructure.ControllerActionInvoker Executing action method GymAffiliate.Api.Controllers.AuthController.CrearUsuario (GymAffiliate.Api) - Validation state: "Valid"
[2026-07-08 10:43:10 INF] Microsoft.AspNetCore.Mvc.Infrastructure.ControllerActionInvoker Executed action GymAffiliate.Api.Controllers.AuthController.CrearUsuario (GymAffiliate.Api) in 10813.2523ms
[2026-07-08 10:43:10 INF] Microsoft.AspNetCore.Routing.EndpointMiddleware Executed endpoint 'GymAffiliate.Api.Controllers.AuthController.CrearUsuario (GymAffiliate.Api)'
[2026-07-08 10:43:10 ERR] Serilog.AspNetCore.RequestLoggingMiddleware HTTP POST /api/auth/usuarios → 500 (10961.0ms)
System.InvalidOperationException: Nullable object must have a value.
   at System.Nullable`1.get_Value()
   at GymAffiliate.Api.Controllers.AuthController.CrearUsuario(CrearUsuarioRequest request, CancellationToken ct) in C:\Users\Miguel Angel\Documents\DesarrollosC#\GymAffiliate_API\GymAffiliate\src\Api\Controllers\AuthController.cs:line 85
   at Microsoft.AspNetCore.Mvc.Infrastructure.ActionMethodExecutor.TaskOfIActionResultExecutor.Execute(ActionContext actionContext, IActionResultTypeMapper mapper, ObjectMethodExecutor executor, Object controller, Object[] arguments)
   at Microsoft.AspNetCore.Mvc.Infrastructure.ControllerActionInvoker.<InvokeActionMethodAsync>g__Logged|12_1(ControllerActionInvoker invoker)
   at Microsoft.AspNetCore.Mvc.Infrastructure.ControllerActionInvoker.<InvokeNextActionFilterAsync>g__Awaited|10_0(ControllerActionInvoker invoker, Task lastTask, State next, Scope scope, Object state, Boolean isCompleted)
   at Microsoft.AspNetCore.Mvc.Infrastructure.ControllerActionInvoker.Rethrow(ActionExecutedContextSealed context)
   at Microsoft.AspNetCore.Mvc.Infrastructure.ControllerActionInvoker.Next(State& next, Scope& scope, Object& state, Boolean& isCompleted)
   at Microsoft.AspNetCore.Mvc.Infrastructure.ControllerActionInvoker.InvokeInnerFilterAsync()
--- End of stack trace from previous location ---
   at Microsoft.AspNetCore.Mvc.Infrastructure.ResourceInvoker.<InvokeFilterPipelineAsync>g__Awaited|20_0(ResourceInvoker invoker, Task lastTask, State next, Scope scope, Object state, Boolean isCompleted)
   at Microsoft.AspNetCore.Mvc.Infrastructure.ResourceInvoker.<InvokeAsync>g__Logged|17_1(ResourceInvoker invoker)
   at Microsoft.AspNetCore.Mvc.Infrastructure.ResourceInvoker.<InvokeAsync>g__Logged|17_1(ResourceInvoker invoker)
   at Microsoft.AspNetCore.Routing.EndpointMiddleware.<Invoke>g__AwaitRequestTask|7_0(Endpoint endpoint, Task requestTask, ILogger logger)
   at Microsoft.AspNetCore.Authorization.AuthorizationMiddleware.Invoke(HttpContext context)
   at Microsoft.AspNetCore.Authentication.AuthenticationMiddleware.Invoke(HttpContext context)
   at Serilog.AspNetCore.RequestLoggingMiddleware.Invoke(HttpContext httpContext)
[2026-07-08 10:43:10 ERR] Microsoft.AspNetCore.Diagnostics.DeveloperExceptionPageMiddleware An unhandled exception has occurred while executing the request.
System.InvalidOperationException: Nullable object must have a value.
   at System.Nullable`1.get_Value()
   at GymAffiliate.Api.Controllers.AuthController.CrearUsuario(CrearUsuarioRequest request, CancellationToken ct) in C:\Users\Miguel Angel\Documents\DesarrollosC#\GymAffiliate_API\GymAffiliate\src\Api\Controllers\AuthController.cs:line 85
   at Microsoft.AspNetCore.Mvc.Infrastructure.ActionMethodExecutor.TaskOfIActionResultExecutor.Execute(ActionContext actionContext, IActionResultTypeMapper mapper, ObjectMethodExecutor executor, Object controller, Object[] arguments)
   at Microsoft.AspNetCore.Mvc.Infrastructure.ControllerActionInvoker.<InvokeActionMethodAsync>g__Logged|12_1(ControllerActionInvoker invoker)
   at Microsoft.AspNetCore.Mvc.Infrastructure.ControllerActionInvoker.<InvokeNextActionFilterAsync>g__Awaited|10_0(ControllerActionInvoker invoker, Task lastTask, State next, Scope scope, Object state, Boolean isCompleted)
   at Microsoft.AspNetCore.Mvc.Infrastructure.ControllerActionInvoker.Rethrow(ActionExecutedContextSealed context)
   at Microsoft.AspNetCore.Mvc.Infrastructure.ControllerActionInvoker.Next(State& next, Scope& scope, Object& state, Boolean& isCompleted)
   at Microsoft.AspNetCore.Mvc.Infrastructure.ControllerActionInvoker.InvokeInnerFilterAsync()
--- End of stack trace from previous location ---
   at Microsoft.AspNetCore.Mvc.Infrastructure.ResourceInvoker.<InvokeFilterPipelineAsync>g__Awaited|20_0(ResourceInvoker invoker, Task lastTask, State next, Scope scope, Object state, Boolean isCompleted)
   at Microsoft.AspNetCore.Mvc.Infrastructure.ResourceInvoker.<InvokeAsync>g__Logged|17_1(ResourceInvoker invoker)
   at Microsoft.AspNetCore.Mvc.Infrastructure.ResourceInvoker.<InvokeAsync>g__Logged|17_1(ResourceInvoker invoker)
   at Microsoft.AspNetCore.Routing.EndpointMiddleware.<Invoke>g__AwaitRequestTask|7_0(Endpoint endpoint, Task requestTask, ILogger logger)
   at Microsoft.AspNetCore.Authorization.AuthorizationMiddleware.Invoke(HttpContext context)
   at Microsoft.AspNetCore.Authentication.AuthenticationMiddleware.Invoke(HttpContext context)
   at Serilog.AspNetCore.RequestLoggingMiddleware.Invoke(HttpContext httpContext)
   at Swashbuckle.AspNetCore.SwaggerUI.SwaggerUIMiddleware.Invoke(HttpContext httpContext)
   at Swashbuckle.AspNetCore.Swagger.SwaggerMiddleware.Invoke(HttpContext httpContext, ISwaggerProvider swaggerProvider)
   at GymAffiliate.Api.Middleware.JwtBlacklistMiddleware.InvokeAsync(HttpContext ctx, IAuthRepository authRepo) in C:\Users\Miguel Angel\Documents\DesarrollosC#\GymAffiliate_API\GymAffiliate\src\Api\Middleware\JwtBlacklistMiddleware.cs:line 61
   at Microsoft.AspNetCore.Diagnostics.DeveloperExceptionPageMiddlewareImpl.Invoke(HttpContext context)
[2026-07-08 10:43:10 INF] Microsoft.AspNetCore.Hosting.Diagnostics Request finished HTTP/2 POST https://localhost:7001/api/auth/usuarios - 500 null text/plain; charset=utf-8 11089.743ms
[2026-07-08 10:45:53 INF]  GymAffiliate API lista. Swagger: https://localhost:xxxx/
[2026-07-08 10:45:53 INF] Microsoft.AspNetCore.DataProtection.KeyManagement.XmlKeyManager User profile is available. Using 'C:\Users\Miguel Angel\AppData\Local\ASP.NET\DataProtection-Keys' as key repository and Windows DPAPI to encrypt keys at rest.
[2026-07-08 10:45:54 INF] Microsoft.Hosting.Lifetime Now listening on: https://localhost:7001
[2026-07-08 10:45:54 INF] Microsoft.Hosting.Lifetime Now listening on: http://localhost:5001
[2026-07-08 10:45:54 INF] Microsoft.Hosting.Lifetime Application started. Press Ctrl+C to shut down.
[2026-07-08 10:45:54 INF] Microsoft.Hosting.Lifetime Hosting environment: Development
[2026-07-08 10:45:54 INF] Microsoft.Hosting.Lifetime Content root path: C:\Users\Miguel Angel\Documents\DesarrollosC#\GymAffiliate_API\GymAffiliate\src\Api
[2026-07-08 10:45:55 INF] Microsoft.AspNetCore.Hosting.Diagnostics Request starting HTTP/2 GET https://localhost:7001/index.html - null null
[2026-07-08 10:45:55 INF] Microsoft.AspNetCore.Hosting.Diagnostics Request finished HTTP/2 GET https://localhost:7001/index.html - 200 null text/html;charset=utf-8 785.2662ms
[2026-07-08 10:45:55 INF] Microsoft.AspNetCore.Hosting.Diagnostics Request starting HTTP/2 GET https://localhost:7001/_framework/aspnetcore-browser-refresh.js - null null
[2026-07-08 10:45:55 INF] Microsoft.AspNetCore.Hosting.Diagnostics Request starting HTTP/2 GET https://localhost:7001/_vs/browserLink - null null
[2026-07-08 10:45:55 INF] Microsoft.AspNetCore.Hosting.Diagnostics Request finished HTTP/2 GET https://localhost:7001/_framework/aspnetcore-browser-refresh.js - 200 16517 application/javascript; charset=utf-8 15.8298ms
[2026-07-08 10:45:56 INF] Microsoft.AspNetCore.Hosting.Diagnostics Request finished HTTP/2 GET https://localhost:7001/_vs/browserLink - 200 null text/javascript; charset=UTF-8 285.0295ms
[2026-07-08 10:45:56 INF] Microsoft.AspNetCore.Hosting.Diagnostics Request starting HTTP/2 GET https://localhost:7001/swagger/v1/swagger.json - null null
[2026-07-08 10:45:56 INF] Microsoft.AspNetCore.Hosting.Diagnostics Request finished HTTP/2 GET https://localhost:7001/swagger/v1/swagger.json - 200 null application/json;charset=utf-8 56.5549ms
[2026-07-08 10:50:02 INF] Microsoft.AspNetCore.Hosting.Diagnostics Request starting HTTP/2 POST https://localhost:7001/api/auth/usuarios - application/json 145
[2026-07-08 10:50:02 INF] Microsoft.AspNetCore.Cors.Infrastructure.CorsService CORS policy execution successful.
[2026-07-08 10:50:02 INF] Microsoft.AspNetCore.Routing.EndpointMiddleware Executing endpoint 'GymAffiliate.Api.Controllers.AuthController.CrearUsuario (GymAffiliate.Api)'
[2026-07-08 10:50:02 INF] Microsoft.AspNetCore.Mvc.Infrastructure.ControllerActionInvoker Route matched with {action = "CrearUsuario", controller = "Auth"}. Executing controller action with signature System.Threading.Tasks.Task`1[Microsoft.AspNetCore.Mvc.IActionResult] CrearUsuario(GymAffiliate.Application.DTOs.Requests.CrearUsuarioRequest, System.Threading.CancellationToken) on controller GymAffiliate.Api.Controllers.AuthController (GymAffiliate.Api).
[2026-07-08 10:50:05 INF] Microsoft.AspNetCore.Mvc.Infrastructure.ControllerActionInvoker Executing action method GymAffiliate.Api.Controllers.AuthController.CrearUsuario (GymAffiliate.Api) - Validation state: "Valid"
[2026-07-08 10:50:07 INF] Microsoft.AspNetCore.Mvc.Infrastructure.ControllerActionInvoker Executed action method GymAffiliate.Api.Controllers.AuthController.CrearUsuario (GymAffiliate.Api), returned result Microsoft.AspNetCore.Mvc.UnauthorizedResult in 2035.9365ms.
[2026-07-08 10:50:07 INF] Microsoft.AspNetCore.Mvc.Infrastructure.ObjectResultExecutor Executing ObjectResult, writing value of type 'Microsoft.AspNetCore.Mvc.ProblemDetails'.
[2026-07-08 10:50:07 INF] Microsoft.AspNetCore.Mvc.Infrastructure.ControllerActionInvoker Executed action GymAffiliate.Api.Controllers.AuthController.CrearUsuario (GymAffiliate.Api) in 4503.9895ms
[2026-07-08 10:50:07 INF] Microsoft.AspNetCore.Routing.EndpointMiddleware Executed endpoint 'GymAffiliate.Api.Controllers.AuthController.CrearUsuario (GymAffiliate.Api)'
[2026-07-08 10:50:07 INF] Serilog.AspNetCore.RequestLoggingMiddleware HTTP POST /api/auth/usuarios → 401 (4621.5ms)
[2026-07-08 10:50:07 INF] Microsoft.AspNetCore.Hosting.Diagnostics Request finished HTTP/2 POST https://localhost:7001/api/auth/usuarios - 401 null application/problem+json; charset=utf-8 4655.881ms
[2026-07-08 11:02:44 INF]  GymAffiliate API lista. Swagger: https://localhost:xxxx/
[2026-07-08 11:02:44 INF] Microsoft.AspNetCore.DataProtection.KeyManagement.XmlKeyManager User profile is available. Using 'C:\Users\Miguel Angel\AppData\Local\ASP.NET\DataProtection-Keys' as key repository and Windows DPAPI to encrypt keys at rest.
[2026-07-08 11:02:44 INF] Microsoft.Hosting.Lifetime Now listening on: https://localhost:7001
[2026-07-08 11:02:44 INF] Microsoft.Hosting.Lifetime Now listening on: http://localhost:5001
[2026-07-08 11:02:44 INF] Microsoft.Hosting.Lifetime Application started. Press Ctrl+C to shut down.
[2026-07-08 11:02:44 INF] Microsoft.Hosting.Lifetime Hosting environment: Development
[2026-07-08 11:02:44 INF] Microsoft.Hosting.Lifetime Content root path: C:\Users\Miguel Angel\Documents\DesarrollosC#\GymAffiliate_API\GymAffiliate\src\Api
[2026-07-08 11:02:45 INF] Microsoft.AspNetCore.Hosting.Diagnostics Request starting HTTP/2 GET https://localhost:7001/index.html - null null
[2026-07-08 11:02:46 INF] Microsoft.AspNetCore.Hosting.Diagnostics Request finished HTTP/2 GET https://localhost:7001/index.html - 200 null text/html;charset=utf-8 858.5273ms
[2026-07-08 11:02:46 INF] Microsoft.AspNetCore.Hosting.Diagnostics Request starting HTTP/2 GET https://localhost:7001/_framework/aspnetcore-browser-refresh.js - null null
[2026-07-08 11:02:46 INF] Microsoft.AspNetCore.Hosting.Diagnostics Request starting HTTP/2 GET https://localhost:7001/_vs/browserLink - null null
[2026-07-08 11:02:46 INF] Microsoft.AspNetCore.Hosting.Diagnostics Request finished HTTP/2 GET https://localhost:7001/_framework/aspnetcore-browser-refresh.js - 200 16517 application/javascript; charset=utf-8 22.603ms
[2026-07-08 11:02:46 INF] Microsoft.AspNetCore.Hosting.Diagnostics Request finished HTTP/2 GET https://localhost:7001/_vs/browserLink - 200 null text/javascript; charset=UTF-8 116.1424ms
[2026-07-08 11:02:46 INF] Microsoft.AspNetCore.Hosting.Diagnostics Request starting HTTP/2 GET https://localhost:7001/swagger/v1/swagger.json - null null
[2026-07-08 11:02:46 INF] Microsoft.AspNetCore.Hosting.Diagnostics Request finished HTTP/2 GET https://localhost:7001/swagger/v1/swagger.json - 200 null application/json;charset=utf-8 54.6297ms
[2026-07-08 11:03:10 INF] Microsoft.AspNetCore.Hosting.Diagnostics Request starting HTTP/2 POST https://localhost:7001/api/auth/usuarios - application/json 145
[2026-07-08 11:03:10 INF] Microsoft.AspNetCore.Cors.Infrastructure.CorsService CORS policy execution successful.
[2026-07-08 11:03:10 INF] Microsoft.AspNetCore.Routing.EndpointMiddleware Executing endpoint 'GymAffiliate.Api.Controllers.AuthController.CrearUsuario (GymAffiliate.Api)'
[2026-07-08 11:03:10 INF] Microsoft.AspNetCore.Mvc.Infrastructure.ControllerActionInvoker Route matched with {action = "CrearUsuario", controller = "Auth"}. Executing controller action with signature System.Threading.Tasks.Task`1[Microsoft.AspNetCore.Mvc.IActionResult] CrearUsuario(GymAffiliate.Application.DTOs.Requests.CrearUsuarioRequest, System.Threading.CancellationToken) on controller GymAffiliate.Api.Controllers.AuthController (GymAffiliate.Api).
[2026-07-08 11:03:12 INF] Microsoft.AspNetCore.Mvc.Infrastructure.ControllerActionInvoker Executing action method GymAffiliate.Api.Controllers.AuthController.CrearUsuario (GymAffiliate.Api) - Validation state: "Valid"
[2026-07-08 11:03:17 INF] Microsoft.AspNetCore.Mvc.Infrastructure.ControllerActionInvoker Executed action method GymAffiliate.Api.Controllers.AuthController.CrearUsuario (GymAffiliate.Api), returned result Microsoft.AspNetCore.Mvc.UnauthorizedResult in 4991.1515ms.
[2026-07-08 11:03:17 INF] Microsoft.AspNetCore.Mvc.Infrastructure.ObjectResultExecutor Executing ObjectResult, writing value of type 'Microsoft.AspNetCore.Mvc.ProblemDetails'.
[2026-07-08 11:03:17 INF] Microsoft.AspNetCore.Mvc.Infrastructure.ControllerActionInvoker Executed action GymAffiliate.Api.Controllers.AuthController.CrearUsuario (GymAffiliate.Api) in 7257.1455ms
[2026-07-08 11:03:17 INF] Microsoft.AspNetCore.Routing.EndpointMiddleware Executed endpoint 'GymAffiliate.Api.Controllers.AuthController.CrearUsuario (GymAffiliate.Api)'
[2026-07-08 11:03:17 INF] Serilog.AspNetCore.RequestLoggingMiddleware HTTP POST /api/auth/usuarios → 401 (7387.5ms)
[2026-07-08 11:03:17 INF] Microsoft.AspNetCore.Hosting.Diagnostics Request finished HTTP/2 POST https://localhost:7001/api/auth/usuarios - 401 null application/problem+json; charset=utf-8 7431.4653ms
[2026-07-08 11:39:00 INF]  GymAffiliate API lista. Swagger: https://localhost:xxxx/
[2026-07-08 11:39:00 INF] Microsoft.AspNetCore.DataProtection.KeyManagement.XmlKeyManager User profile is available. Using 'C:\Users\Miguel Angel\AppData\Local\ASP.NET\DataProtection-Keys' as key repository and Windows DPAPI to encrypt keys at rest.
[2026-07-08 11:39:01 INF] Microsoft.Hosting.Lifetime Now listening on: https://localhost:7001
[2026-07-08 11:39:01 INF] Microsoft.Hosting.Lifetime Now listening on: http://localhost:5001
[2026-07-08 11:39:01 INF] Microsoft.Hosting.Lifetime Application started. Press Ctrl+C to shut down.
[2026-07-08 11:39:01 INF] Microsoft.Hosting.Lifetime Hosting environment: Development
[2026-07-08 11:39:01 INF] Microsoft.Hosting.Lifetime Content root path: C:\Users\Miguel Angel\Documents\DesarrollosC#\GymAffiliate_API\GymAffiliate\src\Api
[2026-07-08 11:39:02 INF] Microsoft.AspNetCore.Hosting.Diagnostics Request starting HTTP/2 GET https://localhost:7001/index.html - null null
[2026-07-08 11:39:02 INF] Microsoft.AspNetCore.Hosting.Diagnostics Request finished HTTP/2 GET https://localhost:7001/index.html - 200 null text/html;charset=utf-8 804.2068ms
[2026-07-08 11:39:02 INF] Microsoft.AspNetCore.Hosting.Diagnostics Request starting HTTP/2 GET https://localhost:7001/_framework/aspnetcore-browser-refresh.js - null null
[2026-07-08 11:39:02 INF] Microsoft.AspNetCore.Hosting.Diagnostics Request starting HTTP/2 GET https://localhost:7001/_vs/browserLink - null null
[2026-07-08 11:39:03 INF] Microsoft.AspNetCore.Hosting.Diagnostics Request finished HTTP/2 GET https://localhost:7001/_framework/aspnetcore-browser-refresh.js - 200 16517 application/javascript; charset=utf-8 21.1195ms
[2026-07-08 11:39:03 INF] Microsoft.AspNetCore.Hosting.Diagnostics Request finished HTTP/2 GET https://localhost:7001/_vs/browserLink - 200 null text/javascript; charset=UTF-8 124.5717ms
[2026-07-08 11:39:03 INF] Microsoft.AspNetCore.Hosting.Diagnostics Request starting HTTP/2 GET https://localhost:7001/swagger/v1/swagger.json - null null
[2026-07-08 11:39:03 INF] Microsoft.AspNetCore.Hosting.Diagnostics Request finished HTTP/2 GET https://localhost:7001/swagger/v1/swagger.json - 200 null application/json;charset=utf-8 72.5163ms
[2026-07-08 11:39:17 INF] Microsoft.AspNetCore.Hosting.Diagnostics Request starting HTTP/2 POST https://localhost:7001/api/auth/usuarios - application/json 145
[2026-07-08 11:39:17 INF] Microsoft.AspNetCore.Cors.Infrastructure.CorsService CORS policy execution successful.
[2026-07-08 11:39:17 INF] Microsoft.AspNetCore.Routing.EndpointMiddleware Executing endpoint 'GymAffiliate.Api.Controllers.AuthController.CrearUsuario (GymAffiliate.Api)'
[2026-07-08 11:39:17 INF] Microsoft.AspNetCore.Mvc.Infrastructure.ControllerActionInvoker Route matched with {action = "CrearUsuario", controller = "Auth"}. Executing controller action with signature System.Threading.Tasks.Task`1[Microsoft.AspNetCore.Mvc.IActionResult] CrearUsuario(GymAffiliate.Application.DTOs.Requests.CrearUsuarioRequest, System.Threading.CancellationToken) on controller GymAffiliate.Api.Controllers.AuthController (GymAffiliate.Api).
[2026-07-08 11:39:20 INF] Microsoft.AspNetCore.Mvc.Infrastructure.ControllerActionInvoker Executing action method GymAffiliate.Api.Controllers.AuthController.CrearUsuario (GymAffiliate.Api) - Validation state: "Valid"
[2026-07-08 11:39:23 INF] Microsoft.AspNetCore.Mvc.Infrastructure.ControllerActionInvoker Executed action method GymAffiliate.Api.Controllers.AuthController.CrearUsuario (GymAffiliate.Api), returned result Microsoft.AspNetCore.Mvc.ObjectResult in 3005.5308ms.
[2026-07-08 11:39:23 INF] Microsoft.AspNetCore.Mvc.Infrastructure.ObjectResultExecutor Executing ObjectResult, writing value of type 'GymAffiliate.Shared.Result.ApiResponse`1[[GymAffiliate.Application.DTOs.Responses.UsuarioSistemaResponse, GymAffiliate.Application, Version=1.0.0.0, Culture=neutral, PublicKeyToken=null]]'.
[2026-07-08 11:39:23 INF] Microsoft.AspNetCore.Mvc.Infrastructure.ControllerActionInvoker Executed action GymAffiliate.Api.Controllers.AuthController.CrearUsuario (GymAffiliate.Api) in 5870.6527ms
[2026-07-08 11:39:23 INF] Microsoft.AspNetCore.Routing.EndpointMiddleware Executed endpoint 'GymAffiliate.Api.Controllers.AuthController.CrearUsuario (GymAffiliate.Api)'
[2026-07-08 11:39:23 INF] Serilog.AspNetCore.RequestLoggingMiddleware HTTP POST /api/auth/usuarios → 422 (6004.4ms)
[2026-07-08 11:39:23 INF] Microsoft.AspNetCore.Hosting.Diagnostics Request finished HTTP/2 POST https://localhost:7001/api/auth/usuarios - 422 null application/json; charset=utf-8 6034.8714ms
[2026-07-08 11:39:41 INF] Microsoft.AspNetCore.Hosting.Diagnostics Request starting HTTP/2 POST https://localhost:7001/api/auth/usuarios - application/json 145
[2026-07-08 11:39:41 INF] Microsoft.AspNetCore.Cors.Infrastructure.CorsService CORS policy execution successful.
[2026-07-08 11:39:41 INF] Microsoft.AspNetCore.Routing.EndpointMiddleware Executing endpoint 'GymAffiliate.Api.Controllers.AuthController.CrearUsuario (GymAffiliate.Api)'
[2026-07-08 11:39:41 INF] Microsoft.AspNetCore.Mvc.Infrastructure.ControllerActionInvoker Route matched with {action = "CrearUsuario", controller = "Auth"}. Executing controller action with signature System.Threading.Tasks.Task`1[Microsoft.AspNetCore.Mvc.IActionResult] CrearUsuario(GymAffiliate.Application.DTOs.Requests.CrearUsuarioRequest, System.Threading.CancellationToken) on controller GymAffiliate.Api.Controllers.AuthController (GymAffiliate.Api).
[2026-07-08 11:39:43 INF] Microsoft.AspNetCore.Mvc.Infrastructure.ControllerActionInvoker Executing action method GymAffiliate.Api.Controllers.AuthController.CrearUsuario (GymAffiliate.Api) - Validation state: "Valid"
[2026-07-08 11:39:53 INF] GymAffiliate.Infrastructure.Persistence.Repositories.AuthRepository Usuario creado: Id=4 Username=testmg
[2026-07-08 11:39:57 INF] GymAffiliate.Application.UseCases.Auth.CrearUsuarioHandler Usuario creado Id=4 por OperatedBy=1
[2026-07-08 11:39:57 INF] Microsoft.AspNetCore.Mvc.Infrastructure.ControllerActionInvoker Executed action method GymAffiliate.Api.Controllers.AuthController.CrearUsuario (GymAffiliate.Api), returned result Microsoft.AspNetCore.Mvc.OkObjectResult in 14119.6685ms.
[2026-07-08 11:39:57 INF] Microsoft.AspNetCore.Mvc.Infrastructure.ObjectResultExecutor Executing OkObjectResult, writing value of type 'GymAffiliate.Shared.Result.ApiResponse`1[[GymAffiliate.Application.DTOs.Responses.UsuarioSistemaResponse, GymAffiliate.Application, Version=1.0.0.0, Culture=neutral, PublicKeyToken=null]]'.
[2026-07-08 11:39:57 INF] Microsoft.AspNetCore.Mvc.Infrastructure.ControllerActionInvoker Executed action GymAffiliate.Api.Controllers.AuthController.CrearUsuario (GymAffiliate.Api) in 16120.2476ms
[2026-07-08 11:39:57 INF] Microsoft.AspNetCore.Routing.EndpointMiddleware Executed endpoint 'GymAffiliate.Api.Controllers.AuthController.CrearUsuario (GymAffiliate.Api)'
[2026-07-08 11:39:57 INF] Serilog.AspNetCore.RequestLoggingMiddleware HTTP POST /api/auth/usuarios → 200 (16139.8ms)
[2026-07-08 11:39:57 INF] Microsoft.AspNetCore.Hosting.Diagnostics Request finished HTTP/2 POST https://localhost:7001/api/auth/usuarios - 200 null application/json; charset=utf-8 16159.204ms
[2026-07-08 11:42:33 INF] Microsoft.AspNetCore.Hosting.Diagnostics Request starting HTTP/2 DELETE https://localhost:7001/api/auth/usuarios/4 - application/json 37
[2026-07-08 11:42:33 INF] Microsoft.AspNetCore.Cors.Infrastructure.CorsService CORS policy execution successful.
[2026-07-08 11:42:33 INF] Microsoft.AspNetCore.Routing.EndpointMiddleware Executing endpoint 'GymAffiliate.Api.Controllers.AuthController.DarDeBaja (GymAffiliate.Api)'
[2026-07-08 11:42:33 INF] Microsoft.AspNetCore.Mvc.Infrastructure.ControllerActionInvoker Route matched with {action = "DarDeBaja", controller = "Auth"}. Executing controller action with signature System.Threading.Tasks.Task`1[Microsoft.AspNetCore.Mvc.IActionResult] DarDeBaja(Int32, GymAffiliate.Application.DTOs.Requests.DarDeBajaRequest, System.Threading.CancellationToken) on controller GymAffiliate.Api.Controllers.AuthController (GymAffiliate.Api).
[2026-07-08 11:42:33 INF] Microsoft.AspNetCore.Mvc.Infrastructure.ControllerActionInvoker Executing action method GymAffiliate.Api.Controllers.AuthController.DarDeBaja (GymAffiliate.Api) - Validation state: "Valid"
[2026-07-08 11:42:49 INF]  GymAffiliate API lista. Swagger: https://localhost:xxxx/
[2026-07-08 11:42:49 INF] Microsoft.AspNetCore.DataProtection.KeyManagement.XmlKeyManager User profile is available. Using 'C:\Users\Miguel Angel\AppData\Local\ASP.NET\DataProtection-Keys' as key repository and Windows DPAPI to encrypt keys at rest.
[2026-07-08 11:42:50 INF] Microsoft.Hosting.Lifetime Now listening on: https://localhost:7001
[2026-07-08 11:42:50 INF] Microsoft.Hosting.Lifetime Now listening on: http://localhost:5001
[2026-07-08 11:42:51 INF] Microsoft.Hosting.Lifetime Application started. Press Ctrl+C to shut down.
[2026-07-08 11:42:51 INF] Microsoft.Hosting.Lifetime Hosting environment: Development
[2026-07-08 11:42:51 INF] Microsoft.Hosting.Lifetime Content root path: C:\Users\Miguel Angel\Documents\DesarrollosC#\GymAffiliate_API\GymAffiliate\src\Api
[2026-07-08 11:42:51 INF] Microsoft.AspNetCore.Hosting.Diagnostics Request starting HTTP/2 GET https://localhost:7001/index.html - null null
[2026-07-08 11:42:52 INF] Microsoft.AspNetCore.Hosting.Diagnostics Request finished HTTP/2 GET https://localhost:7001/index.html - 200 null text/html;charset=utf-8 752.7956ms
[2026-07-08 11:42:52 INF] Microsoft.AspNetCore.Hosting.Diagnostics Request starting HTTP/2 GET https://localhost:7001/_framework/aspnetcore-browser-refresh.js - null null
[2026-07-08 11:42:52 INF] Microsoft.AspNetCore.Hosting.Diagnostics Request starting HTTP/2 GET https://localhost:7001/_vs/browserLink - null null
[2026-07-08 11:42:52 INF] Microsoft.AspNetCore.Hosting.Diagnostics Request finished HTTP/2 GET https://localhost:7001/_framework/aspnetcore-browser-refresh.js - 200 16517 application/javascript; charset=utf-8 22.68ms
[2026-07-08 11:42:52 INF] Microsoft.AspNetCore.Hosting.Diagnostics Request finished HTTP/2 GET https://localhost:7001/_vs/browserLink - 200 null text/javascript; charset=UTF-8 157.6713ms
[2026-07-08 11:42:52 INF] Microsoft.AspNetCore.Hosting.Diagnostics Request starting HTTP/2 GET https://localhost:7001/swagger/v1/swagger.json - null null
[2026-07-08 11:42:52 INF] Microsoft.AspNetCore.Hosting.Diagnostics Request finished HTTP/2 GET https://localhost:7001/swagger/v1/swagger.json - 200 null application/json;charset=utf-8 76.646ms
[2026-07-08 11:43:03 INF] Microsoft.AspNetCore.Hosting.Diagnostics Request starting HTTP/2 DELETE https://localhost:7001/api/auth/usuarios/4 - application/json 37
[2026-07-08 11:43:03 INF] Microsoft.AspNetCore.Cors.Infrastructure.CorsService CORS policy execution successful.
[2026-07-08 11:43:03 INF] Microsoft.AspNetCore.Routing.EndpointMiddleware Executing endpoint 'GymAffiliate.Api.Controllers.AuthController.DarDeBaja (GymAffiliate.Api)'
[2026-07-08 11:43:03 INF] Microsoft.AspNetCore.Mvc.Infrastructure.ControllerActionInvoker Route matched with {action = "DarDeBaja", controller = "Auth"}. Executing controller action with signature System.Threading.Tasks.Task`1[Microsoft.AspNetCore.Mvc.IActionResult] DarDeBaja(Int32, GymAffiliate.Application.DTOs.Requests.DarDeBajaRequest, System.Threading.CancellationToken) on controller GymAffiliate.Api.Controllers.AuthController (GymAffiliate.Api).
[2026-07-08 11:43:03 INF] Microsoft.AspNetCore.Mvc.Infrastructure.ControllerActionInvoker Executing action method GymAffiliate.Api.Controllers.AuthController.DarDeBaja (GymAffiliate.Api) - Validation state: "Valid"
[2026-07-08 11:43:03 INF] Microsoft.AspNetCore.Mvc.Infrastructure.ControllerActionInvoker Executed action method GymAffiliate.Api.Controllers.AuthController.DarDeBaja (GymAffiliate.Api), returned result Microsoft.AspNetCore.Mvc.ObjectResult in 48.4434ms.
[2026-07-08 11:43:03 INF] Microsoft.AspNetCore.Mvc.Infrastructure.ObjectResultExecutor Executing ObjectResult, writing value of type 'GymAffiliate.Shared.Result.ApiResponse'.
[2026-07-08 11:43:04 INF] Microsoft.AspNetCore.Mvc.Infrastructure.ControllerActionInvoker Executed action GymAffiliate.Api.Controllers.AuthController.DarDeBaja (GymAffiliate.Api) in 284.1176ms
[2026-07-08 11:43:04 INF] Microsoft.AspNetCore.Routing.EndpointMiddleware Executed endpoint 'GymAffiliate.Api.Controllers.AuthController.DarDeBaja (GymAffiliate.Api)'
[2026-07-08 11:43:04 INF] Serilog.AspNetCore.RequestLoggingMiddleware HTTP DELETE /api/auth/usuarios/4 → 422 (414.7ms)
[2026-07-08 11:43:04 INF] Microsoft.AspNetCore.Hosting.Diagnostics Request finished HTTP/2 DELETE https://localhost:7001/api/auth/usuarios/4 - 422 null application/json; charset=utf-8 450.6021ms
[2026-07-08 11:43:49 INF] Microsoft.AspNetCore.Hosting.Diagnostics Request starting HTTP/2 DELETE https://localhost:7001/api/auth/usuarios/4 - application/json 37
[2026-07-08 11:43:49 INF] Microsoft.AspNetCore.Cors.Infrastructure.CorsService CORS policy execution successful.
[2026-07-08 11:43:49 INF] Microsoft.AspNetCore.Routing.EndpointMiddleware Executing endpoint 'GymAffiliate.Api.Controllers.AuthController.DarDeBaja (GymAffiliate.Api)'
[2026-07-08 11:43:49 INF] Microsoft.AspNetCore.Mvc.Infrastructure.ControllerActionInvoker Route matched with {action = "DarDeBaja", controller = "Auth"}. Executing controller action with signature System.Threading.Tasks.Task`1[Microsoft.AspNetCore.Mvc.IActionResult] DarDeBaja(Int32, GymAffiliate.Application.DTOs.Requests.DarDeBajaRequest, System.Threading.CancellationToken) on controller GymAffiliate.Api.Controllers.AuthController (GymAffiliate.Api).
[2026-07-08 11:43:49 INF] Microsoft.AspNetCore.Mvc.Infrastructure.ControllerActionInvoker Executing action method GymAffiliate.Api.Controllers.AuthController.DarDeBaja (GymAffiliate.Api) - Validation state: "Valid"
[2026-07-08 11:44:01 INF] Microsoft.AspNetCore.Mvc.Infrastructure.ControllerActionInvoker Executed action method GymAffiliate.Api.Controllers.AuthController.DarDeBaja (GymAffiliate.Api), returned result Microsoft.AspNetCore.Mvc.ObjectResult in 11641.6488ms.
[2026-07-08 11:44:01 INF] Microsoft.AspNetCore.Mvc.Infrastructure.ObjectResultExecutor Executing ObjectResult, writing value of type 'GymAffiliate.Shared.Result.ApiResponse'.
[2026-07-08 11:44:01 INF] Microsoft.AspNetCore.Mvc.Infrastructure.ControllerActionInvoker Executed action GymAffiliate.Api.Controllers.AuthController.DarDeBaja (GymAffiliate.Api) in 11682.0744ms
[2026-07-08 11:44:01 INF] Microsoft.AspNetCore.Routing.EndpointMiddleware Executed endpoint 'GymAffiliate.Api.Controllers.AuthController.DarDeBaja (GymAffiliate.Api)'
[2026-07-08 11:44:01 INF] Serilog.AspNetCore.RequestLoggingMiddleware HTTP DELETE /api/auth/usuarios/4 → 422 (11696.1ms)
[2026-07-08 11:44:01 INF] Microsoft.AspNetCore.Hosting.Diagnostics Request finished HTTP/2 DELETE https://localhost:7001/api/auth/usuarios/4 - 422 null application/json; charset=utf-8 11718.0724ms
[2026-07-08 11:44:12 INF] Microsoft.AspNetCore.Hosting.Diagnostics Request starting HTTP/2 DELETE https://localhost:7001/api/auth/usuarios/4 - application/json 54
[2026-07-08 11:44:12 INF] Microsoft.AspNetCore.Cors.Infrastructure.CorsService CORS policy execution successful.
[2026-07-08 11:44:12 INF] Microsoft.AspNetCore.Routing.EndpointMiddleware Executing endpoint 'GymAffiliate.Api.Controllers.AuthController.DarDeBaja (GymAffiliate.Api)'
[2026-07-08 11:44:12 INF] Microsoft.AspNetCore.Mvc.Infrastructure.ControllerActionInvoker Route matched with {action = "DarDeBaja", controller = "Auth"}. Executing controller action with signature System.Threading.Tasks.Task`1[Microsoft.AspNetCore.Mvc.IActionResult] DarDeBaja(Int32, GymAffiliate.Application.DTOs.Requests.DarDeBajaRequest, System.Threading.CancellationToken) on controller GymAffiliate.Api.Controllers.AuthController (GymAffiliate.Api).
[2026-07-08 11:44:12 INF] Microsoft.AspNetCore.Mvc.Infrastructure.ControllerActionInvoker Executing action method GymAffiliate.Api.Controllers.AuthController.DarDeBaja (GymAffiliate.Api) - Validation state: "Valid"
[2026-07-08 11:44:13 WRN] GymAffiliate.Infrastructure.Persistence.Repositories.AuthRepository Usuario dado de baja: Id=4 OperadoPor=1
[2026-07-08 11:44:13 INF] Microsoft.AspNetCore.Mvc.Infrastructure.ControllerActionInvoker Executed action method GymAffiliate.Api.Controllers.AuthController.DarDeBaja (GymAffiliate.Api), returned result Microsoft.AspNetCore.Mvc.OkObjectResult in 612.0608ms.
[2026-07-08 11:44:13 INF] Microsoft.AspNetCore.Mvc.Infrastructure.ObjectResultExecutor Executing OkObjectResult, writing value of type 'GymAffiliate.Shared.Result.ApiResponse'.
[2026-07-08 11:44:13 INF] Microsoft.AspNetCore.Mvc.Infrastructure.ControllerActionInvoker Executed action GymAffiliate.Api.Controllers.AuthController.DarDeBaja (GymAffiliate.Api) in 644.3137ms
[2026-07-08 11:44:13 INF] Microsoft.AspNetCore.Routing.EndpointMiddleware Executed endpoint 'GymAffiliate.Api.Controllers.AuthController.DarDeBaja (GymAffiliate.Api)'
[2026-07-08 11:44:13 INF] Serilog.AspNetCore.RequestLoggingMiddleware HTTP DELETE /api/auth/usuarios/4 → 200 (659.2ms)
[2026-07-08 11:44:13 INF] Microsoft.AspNetCore.Hosting.Diagnostics Request finished HTTP/2 DELETE https://localhost:7001/api/auth/usuarios/4 - 200 null application/json; charset=utf-8 669.2047ms
[2026-07-08 11:44:42 INF] Microsoft.AspNetCore.Hosting.Diagnostics Request starting HTTP/2 GET https://localhost:7001/api/auth/usuarios/3 - null null
[2026-07-08 11:44:42 INF] Microsoft.AspNetCore.Routing.EndpointMiddleware Executing endpoint 'GymAffiliate.Api.Controllers.AuthController.ObtenerUsuario (GymAffiliate.Api)'
[2026-07-08 11:44:42 INF] Microsoft.AspNetCore.Mvc.Infrastructure.ControllerActionInvoker Route matched with {action = "ObtenerUsuario", controller = "Auth"}. Executing controller action with signature System.Threading.Tasks.Task`1[Microsoft.AspNetCore.Mvc.IActionResult] ObtenerUsuario(Int32, System.Threading.CancellationToken) on controller GymAffiliate.Api.Controllers.AuthController (GymAffiliate.Api).
[2026-07-08 11:44:42 INF] Microsoft.AspNetCore.Mvc.Infrastructure.ControllerActionInvoker Executing action method GymAffiliate.Api.Controllers.AuthController.ObtenerUsuario (GymAffiliate.Api) - Validation state: "Valid"
[2026-07-08 11:44:42 INF] Microsoft.AspNetCore.Mvc.Infrastructure.ControllerActionInvoker Executed action method GymAffiliate.Api.Controllers.AuthController.ObtenerUsuario (GymAffiliate.Api), returned result Microsoft.AspNetCore.Mvc.OkObjectResult in 126.4462ms.
[2026-07-08 11:44:42 INF] Microsoft.AspNetCore.Mvc.Infrastructure.ObjectResultExecutor Executing OkObjectResult, writing value of type 'GymAffiliate.Shared.Result.ApiResponse`1[[GymAffiliate.Application.DTOs.Responses.UsuarioSistemaResponse, GymAffiliate.Application, Version=1.0.0.0, Culture=neutral, PublicKeyToken=null]]'.
[2026-07-08 11:44:42 INF] Microsoft.AspNetCore.Mvc.Infrastructure.ControllerActionInvoker Executed action GymAffiliate.Api.Controllers.AuthController.ObtenerUsuario (GymAffiliate.Api) in 180.5532ms
[2026-07-08 11:44:42 INF] Microsoft.AspNetCore.Routing.EndpointMiddleware Executed endpoint 'GymAffiliate.Api.Controllers.AuthController.ObtenerUsuario (GymAffiliate.Api)'
[2026-07-08 11:44:42 INF] Serilog.AspNetCore.RequestLoggingMiddleware HTTP GET /api/auth/usuarios/3 → 200 (215.1ms)
[2026-07-08 11:44:42 INF] Microsoft.AspNetCore.Hosting.Diagnostics Request finished HTTP/2 GET https://localhost:7001/api/auth/usuarios/3 - 200 null application/json; charset=utf-8 234.3381ms
[2026-07-08 11:44:54 INF] Microsoft.AspNetCore.Hosting.Diagnostics Request starting HTTP/2 GET https://localhost:7001/api/auth/usuarios/4 - null null
[2026-07-08 11:44:54 INF] Microsoft.AspNetCore.Routing.EndpointMiddleware Executing endpoint 'GymAffiliate.Api.Controllers.AuthController.ObtenerUsuario (GymAffiliate.Api)'
[2026-07-08 11:44:54 INF] Microsoft.AspNetCore.Mvc.Infrastructure.ControllerActionInvoker Route matched with {action = "ObtenerUsuario", controller = "Auth"}. Executing controller action with signature System.Threading.Tasks.Task`1[Microsoft.AspNetCore.Mvc.IActionResult] ObtenerUsuario(Int32, System.Threading.CancellationToken) on controller GymAffiliate.Api.Controllers.AuthController (GymAffiliate.Api).
[2026-07-08 11:44:54 INF] Microsoft.AspNetCore.Mvc.Infrastructure.ControllerActionInvoker Executing action method GymAffiliate.Api.Controllers.AuthController.ObtenerUsuario (GymAffiliate.Api) - Validation state: "Valid"
[2026-07-08 11:44:54 INF] Microsoft.AspNetCore.Mvc.Infrastructure.ControllerActionInvoker Executed action method GymAffiliate.Api.Controllers.AuthController.ObtenerUsuario (GymAffiliate.Api), returned result Microsoft.AspNetCore.Mvc.OkObjectResult in 97.9361ms.
[2026-07-08 11:44:54 INF] Microsoft.AspNetCore.Mvc.Infrastructure.ObjectResultExecutor Executing OkObjectResult, writing value of type 'GymAffiliate.Shared.Result.ApiResponse`1[[GymAffiliate.Application.DTOs.Responses.UsuarioSistemaResponse, GymAffiliate.Application, Version=1.0.0.0, Culture=neutral, PublicKeyToken=null]]'.
[2026-07-08 11:44:54 INF] Microsoft.AspNetCore.Mvc.Infrastructure.ControllerActionInvoker Executed action GymAffiliate.Api.Controllers.AuthController.ObtenerUsuario (GymAffiliate.Api) in 122.9362ms
[2026-07-08 11:44:54 INF] Microsoft.AspNetCore.Routing.EndpointMiddleware Executed endpoint 'GymAffiliate.Api.Controllers.AuthController.ObtenerUsuario (GymAffiliate.Api)'
[2026-07-08 11:44:54 INF] Serilog.AspNetCore.RequestLoggingMiddleware HTTP GET /api/auth/usuarios/4 → 200 (167.1ms)
[2026-07-08 11:44:54 INF] Microsoft.AspNetCore.Hosting.Diagnostics Request finished HTTP/2 GET https://localhost:7001/api/auth/usuarios/4 - 200 null application/json; charset=utf-8 181.6921ms
[2026-07-08 11:46:48 INF] Microsoft.AspNetCore.Hosting.Diagnostics Request starting HTTP/2 GET https://localhost:7001/api/acceso/validar?affiliateId=1 - null null
[2026-07-08 11:46:48 INF] Microsoft.AspNetCore.Routing.EndpointMiddleware Executing endpoint 'GymAffiliate.Api.Controllers.AccesoController.Validar (GymAffiliate.Api)'
[2026-07-08 11:46:48 INF] Microsoft.AspNetCore.Mvc.Infrastructure.ControllerActionInvoker Route matched with {action = "Validar", controller = "Acceso"}. Executing controller action with signature System.Threading.Tasks.Task`1[Microsoft.AspNetCore.Mvc.IActionResult] Validar(Int32, System.Threading.CancellationToken) on controller GymAffiliate.Api.Controllers.AccesoController (GymAffiliate.Api).
[2026-07-08 11:46:48 WRN] LuckyPennySoftware.AutoMapper.License You do not have a valid license key for the Lucky Penny software AutoMapper. This is allowed for development and testing scenarios. If you are running in production you are required to have a licensed version. Please visit https://luckypennysoftware.com to obtain a valid license.
[2026-07-08 11:46:48 INF] Microsoft.AspNetCore.Mvc.Infrastructure.ControllerActionInvoker Executing action method GymAffiliate.Api.Controllers.AccesoController.Validar (GymAffiliate.Api) - Validation state: "Valid"
[2026-07-08 11:46:48 INF] Microsoft.AspNetCore.Mvc.Infrastructure.ControllerActionInvoker Executed action method GymAffiliate.Api.Controllers.AccesoController.Validar (GymAffiliate.Api), returned result Microsoft.AspNetCore.Mvc.OkObjectResult in 164.1536ms.
[2026-07-08 11:46:48 INF] Microsoft.AspNetCore.Mvc.Infrastructure.ObjectResultExecutor Executing OkObjectResult, writing value of type 'GymAffiliate.Shared.Result.ApiResponse`1[[GymAffiliate.Application.DTOs.Responses.ValidacionAccesoResponse, GymAffiliate.Application, Version=1.0.0.0, Culture=neutral, PublicKeyToken=null]]'.
[2026-07-08 11:46:48 INF] Microsoft.AspNetCore.Mvc.Infrastructure.ControllerActionInvoker Executed action GymAffiliate.Api.Controllers.AccesoController.Validar (GymAffiliate.Api) in 358.4617ms
[2026-07-08 11:46:48 INF] Microsoft.AspNetCore.Routing.EndpointMiddleware Executed endpoint 'GymAffiliate.Api.Controllers.AccesoController.Validar (GymAffiliate.Api)'
[2026-07-08 11:46:48 INF] Serilog.AspNetCore.RequestLoggingMiddleware HTTP GET /api/acceso/validar → 200 (376.7ms)
[2026-07-08 11:46:48 INF] Microsoft.AspNetCore.Hosting.Diagnostics Request finished HTTP/2 GET https://localhost:7001/api/acceso/validar?affiliateId=1 - 200 null application/json; charset=utf-8 387.636ms
[2026-07-08 11:47:26 INF] Microsoft.AspNetCore.Hosting.Diagnostics Request starting HTTP/2 POST https://localhost:7001/api/acceso/registrar-ingreso - application/json 39
[2026-07-08 11:47:26 INF] Microsoft.AspNetCore.Cors.Infrastructure.CorsService CORS policy execution successful.
[2026-07-08 11:47:26 INF] Microsoft.AspNetCore.Routing.EndpointMiddleware Executing endpoint 'GymAffiliate.Api.Controllers.AccesoController.RegistrarIngreso (GymAffiliate.Api)'
[2026-07-08 11:47:26 INF] Microsoft.AspNetCore.Mvc.Infrastructure.ControllerActionInvoker Route matched with {action = "RegistrarIngreso", controller = "Acceso"}. Executing controller action with signature System.Threading.Tasks.Task`1[Microsoft.AspNetCore.Mvc.IActionResult] RegistrarIngreso(GymAffiliate.Application.DTOs.Requests.RegistrarIngresoRequest, System.Threading.CancellationToken) on controller GymAffiliate.Api.Controllers.AccesoController (GymAffiliate.Api).
[2026-07-08 11:47:26 INF] Microsoft.AspNetCore.Mvc.Infrastructure.ControllerActionInvoker Executing action method GymAffiliate.Api.Controllers.AccesoController.RegistrarIngreso (GymAffiliate.Api) - Validation state: "Valid"
[2026-07-08 11:47:34 INF] Microsoft.AspNetCore.Mvc.Infrastructure.ControllerActionInvoker Executed action method GymAffiliate.Api.Controllers.AccesoController.RegistrarIngreso (GymAffiliate.Api), returned result Microsoft.AspNetCore.Mvc.ObjectResult in 7316.8739ms.
[2026-07-08 11:47:34 INF] Microsoft.AspNetCore.Mvc.Infrastructure.ObjectResultExecutor Executing ObjectResult, writing value of type 'GymAffiliate.Shared.Result.ApiResponse`1[[GymAffiliate.Application.DTOs.Responses.CheckInResponse, GymAffiliate.Application, Version=1.0.0.0, Culture=neutral, PublicKeyToken=null]]'.
[2026-07-08 11:47:34 INF] Microsoft.AspNetCore.Mvc.Infrastructure.ControllerActionInvoker Executed action GymAffiliate.Api.Controllers.AccesoController.RegistrarIngreso (GymAffiliate.Api) in 7366.5753ms
[2026-07-08 11:47:34 INF] Microsoft.AspNetCore.Routing.EndpointMiddleware Executed endpoint 'GymAffiliate.Api.Controllers.AccesoController.RegistrarIngreso (GymAffiliate.Api)'
[2026-07-08 11:47:34 INF] Serilog.AspNetCore.RequestLoggingMiddleware HTTP POST /api/acceso/registrar-ingreso → 404 (7381.3ms)
[2026-07-08 11:47:34 INF] Microsoft.AspNetCore.Hosting.Diagnostics Request finished HTTP/2 POST https://localhost:7001/api/acceso/registrar-ingreso - 404 null application/json; charset=utf-8 7399.1397ms
[2026-07-08 11:49:13 INF]  GymAffiliate API lista. Swagger: https://localhost:xxxx/
[2026-07-08 11:49:13 INF] Microsoft.AspNetCore.DataProtection.KeyManagement.XmlKeyManager User profile is available. Using 'C:\Users\Miguel Angel\AppData\Local\ASP.NET\DataProtection-Keys' as key repository and Windows DPAPI to encrypt keys at rest.
[2026-07-08 11:49:14 INF] Microsoft.Hosting.Lifetime Now listening on: https://localhost:7001
[2026-07-08 11:49:14 INF] Microsoft.Hosting.Lifetime Now listening on: http://localhost:5001
[2026-07-08 11:49:14 INF] Microsoft.Hosting.Lifetime Application started. Press Ctrl+C to shut down.
[2026-07-08 11:49:14 INF] Microsoft.Hosting.Lifetime Hosting environment: Development
[2026-07-08 11:49:14 INF] Microsoft.Hosting.Lifetime Content root path: C:\Users\Miguel Angel\Documents\DesarrollosC#\GymAffiliate_API\GymAffiliate\src\Api
[2026-07-08 11:49:15 INF] Microsoft.AspNetCore.Hosting.Diagnostics Request starting HTTP/2 GET https://localhost:7001/index.html - null null
[2026-07-08 11:49:15 INF] Microsoft.AspNetCore.Hosting.Diagnostics Request finished HTTP/2 GET https://localhost:7001/index.html - 200 null text/html;charset=utf-8 789.6187ms
[2026-07-08 11:49:15 INF] Microsoft.AspNetCore.Hosting.Diagnostics Request starting HTTP/2 GET https://localhost:7001/_framework/aspnetcore-browser-refresh.js - null null
[2026-07-08 11:49:15 INF] Microsoft.AspNetCore.Hosting.Diagnostics Request starting HTTP/2 GET https://localhost:7001/_vs/browserLink - null null
[2026-07-08 11:49:15 INF] Microsoft.AspNetCore.Hosting.Diagnostics Request finished HTTP/2 GET https://localhost:7001/_framework/aspnetcore-browser-refresh.js - 200 16517 application/javascript; charset=utf-8 28.843ms
[2026-07-08 11:49:16 INF] Microsoft.AspNetCore.Hosting.Diagnostics Request finished HTTP/2 GET https://localhost:7001/_vs/browserLink - 200 null text/javascript; charset=UTF-8 284.1106ms
[2026-07-08 11:49:16 INF] Microsoft.AspNetCore.Hosting.Diagnostics Request starting HTTP/2 GET https://localhost:7001/swagger/v1/swagger.json - null null
[2026-07-08 11:49:16 INF] Microsoft.AspNetCore.Hosting.Diagnostics Request finished HTTP/2 GET https://localhost:7001/swagger/v1/swagger.json - 200 null application/json;charset=utf-8 39.9901ms
[2026-07-08 11:49:24 INF] Microsoft.AspNetCore.Hosting.Diagnostics Request starting HTTP/2 POST https://localhost:7001/api/acceso/registrar-ingreso - application/json 39
[2026-07-08 11:49:24 INF] Microsoft.AspNetCore.Cors.Infrastructure.CorsService CORS policy execution successful.
[2026-07-08 11:49:24 INF] Microsoft.AspNetCore.Routing.EndpointMiddleware Executing endpoint 'GymAffiliate.Api.Controllers.AccesoController.RegistrarIngreso (GymAffiliate.Api)'
[2026-07-08 11:49:24 INF] Microsoft.AspNetCore.Mvc.Infrastructure.ControllerActionInvoker Route matched with {action = "RegistrarIngreso", controller = "Acceso"}. Executing controller action with signature System.Threading.Tasks.Task`1[Microsoft.AspNetCore.Mvc.IActionResult] RegistrarIngreso(GymAffiliate.Application.DTOs.Requests.RegistrarIngresoRequest, System.Threading.CancellationToken) on controller GymAffiliate.Api.Controllers.AccesoController (GymAffiliate.Api).
[2026-07-08 11:49:24 WRN] LuckyPennySoftware.AutoMapper.License You do not have a valid license key for the Lucky Penny software AutoMapper. This is allowed for development and testing scenarios. If you are running in production you are required to have a licensed version. Please visit https://luckypennysoftware.com to obtain a valid license.
[2026-07-08 11:49:24 INF] Microsoft.AspNetCore.Mvc.Infrastructure.ControllerActionInvoker Executing action method GymAffiliate.Api.Controllers.AccesoController.RegistrarIngreso (GymAffiliate.Api) - Validation state: "Valid"
[2026-07-08 11:49:25 INF] Microsoft.AspNetCore.Mvc.Infrastructure.ControllerActionInvoker Executed action method GymAffiliate.Api.Controllers.AccesoController.RegistrarIngreso (GymAffiliate.Api), returned result Microsoft.AspNetCore.Mvc.ObjectResult in 622.9176ms.
[2026-07-08 11:49:25 INF] Microsoft.AspNetCore.Mvc.Infrastructure.ObjectResultExecutor Executing ObjectResult, writing value of type 'GymAffiliate.Shared.Result.ApiResponse`1[[GymAffiliate.Application.DTOs.Responses.CheckInResponse, GymAffiliate.Application, Version=1.0.0.0, Culture=neutral, PublicKeyToken=null]]'.
[2026-07-08 11:49:25 INF] Microsoft.AspNetCore.Mvc.Infrastructure.ControllerActionInvoker Executed action GymAffiliate.Api.Controllers.AccesoController.RegistrarIngreso (GymAffiliate.Api) in 984.2916ms
[2026-07-08 11:49:25 INF] Microsoft.AspNetCore.Routing.EndpointMiddleware Executed endpoint 'GymAffiliate.Api.Controllers.AccesoController.RegistrarIngreso (GymAffiliate.Api)'
[2026-07-08 11:49:25 INF] Serilog.AspNetCore.RequestLoggingMiddleware HTTP POST /api/acceso/registrar-ingreso → 404 (1103.0ms)
[2026-07-08 11:49:25 INF] Microsoft.AspNetCore.Hosting.Diagnostics Request finished HTTP/2 POST https://localhost:7001/api/acceso/registrar-ingreso - 404 null application/json; charset=utf-8 1122.7274ms
[2026-07-08 11:50:07 INF] Microsoft.AspNetCore.Hosting.Diagnostics Request starting HTTP/2 POST https://localhost:7001/api/acceso/registrar-ingreso - application/json 39
[2026-07-08 11:50:07 INF] Microsoft.AspNetCore.Cors.Infrastructure.CorsService CORS policy execution successful.
[2026-07-08 11:50:07 INF] Microsoft.AspNetCore.Routing.EndpointMiddleware Executing endpoint 'GymAffiliate.Api.Controllers.AccesoController.RegistrarIngreso (GymAffiliate.Api)'
[2026-07-08 11:50:07 INF] Microsoft.AspNetCore.Mvc.Infrastructure.ControllerActionInvoker Route matched with {action = "RegistrarIngreso", controller = "Acceso"}. Executing controller action with signature System.Threading.Tasks.Task`1[Microsoft.AspNetCore.Mvc.IActionResult] RegistrarIngreso(GymAffiliate.Application.DTOs.Requests.RegistrarIngresoRequest, System.Threading.CancellationToken) on controller GymAffiliate.Api.Controllers.AccesoController (GymAffiliate.Api).
[2026-07-08 11:50:07 INF] Microsoft.AspNetCore.Mvc.Infrastructure.ControllerActionInvoker Executing action method GymAffiliate.Api.Controllers.AccesoController.RegistrarIngreso (GymAffiliate.Api) - Validation state: "Valid"
[2026-07-08 11:50:19 INF] Microsoft.AspNetCore.Mvc.Infrastructure.ControllerActionInvoker Executed action method GymAffiliate.Api.Controllers.AccesoController.RegistrarIngreso (GymAffiliate.Api), returned result Microsoft.AspNetCore.Mvc.ObjectResult in 12824.3478ms.
[2026-07-08 11:50:19 INF] Microsoft.AspNetCore.Mvc.Infrastructure.ObjectResultExecutor Executing ObjectResult, writing value of type 'GymAffiliate.Shared.Result.ApiResponse`1[[GymAffiliate.Application.DTOs.Responses.CheckInResponse, GymAffiliate.Application, Version=1.0.0.0, Culture=neutral, PublicKeyToken=null]]'.
[2026-07-08 11:50:19 INF] Microsoft.AspNetCore.Mvc.Infrastructure.ControllerActionInvoker Executed action GymAffiliate.Api.Controllers.AccesoController.RegistrarIngreso (GymAffiliate.Api) in 12862.6859ms
[2026-07-08 11:50:19 INF] Microsoft.AspNetCore.Routing.EndpointMiddleware Executed endpoint 'GymAffiliate.Api.Controllers.AccesoController.RegistrarIngreso (GymAffiliate.Api)'
[2026-07-08 11:50:19 INF] Serilog.AspNetCore.RequestLoggingMiddleware HTTP POST /api/acceso/registrar-ingreso → 404 (12874.5ms)
[2026-07-08 11:50:19 INF] Microsoft.AspNetCore.Hosting.Diagnostics Request finished HTTP/2 POST https://localhost:7001/api/acceso/registrar-ingreso - 404 null application/json; charset=utf-8 12899.8861ms
[2026-07-08 11:51:11 INF] Microsoft.AspNetCore.Hosting.Diagnostics Request starting HTTP/2 POST https://localhost:7001/api/acceso/registrar-ingreso - application/json 39
[2026-07-08 11:51:11 INF] Microsoft.AspNetCore.Cors.Infrastructure.CorsService CORS policy execution successful.
[2026-07-08 11:51:11 INF] Microsoft.AspNetCore.Routing.EndpointMiddleware Executing endpoint 'GymAffiliate.Api.Controllers.AccesoController.RegistrarIngreso (GymAffiliate.Api)'
[2026-07-08 11:51:11 INF] Microsoft.AspNetCore.Mvc.Infrastructure.ControllerActionInvoker Route matched with {action = "RegistrarIngreso", controller = "Acceso"}. Executing controller action with signature System.Threading.Tasks.Task`1[Microsoft.AspNetCore.Mvc.IActionResult] RegistrarIngreso(GymAffiliate.Application.DTOs.Requests.RegistrarIngresoRequest, System.Threading.CancellationToken) on controller GymAffiliate.Api.Controllers.AccesoController (GymAffiliate.Api).
[2026-07-08 11:51:11 INF] Microsoft.AspNetCore.Mvc.Infrastructure.ControllerActionInvoker Executing action method GymAffiliate.Api.Controllers.AccesoController.RegistrarIngreso (GymAffiliate.Api) - Validation state: "Valid"
[2026-07-08 11:51:15 INF] Microsoft.AspNetCore.Mvc.Infrastructure.ControllerActionInvoker Executed action method GymAffiliate.Api.Controllers.AccesoController.RegistrarIngreso (GymAffiliate.Api), returned result Microsoft.AspNetCore.Mvc.ObjectResult in 3761.668ms.
[2026-07-08 11:51:15 INF] Microsoft.AspNetCore.Mvc.Infrastructure.ObjectResultExecutor Executing ObjectResult, writing value of type 'GymAffiliate.Shared.Result.ApiResponse`1[[GymAffiliate.Application.DTOs.Responses.CheckInResponse, GymAffiliate.Application, Version=1.0.0.0, Culture=neutral, PublicKeyToken=null]]'.
[2026-07-08 11:51:15 INF] Microsoft.AspNetCore.Mvc.Infrastructure.ControllerActionInvoker Executed action GymAffiliate.Api.Controllers.AccesoController.RegistrarIngreso (GymAffiliate.Api) in 3787.5975ms
[2026-07-08 11:51:15 INF] Microsoft.AspNetCore.Routing.EndpointMiddleware Executed endpoint 'GymAffiliate.Api.Controllers.AccesoController.RegistrarIngreso (GymAffiliate.Api)'
[2026-07-08 11:51:15 INF] Serilog.AspNetCore.RequestLoggingMiddleware HTTP POST /api/acceso/registrar-ingreso → 404 (3806.8ms)
[2026-07-08 11:51:15 INF] Microsoft.AspNetCore.Hosting.Diagnostics Request finished HTTP/2 POST https://localhost:7001/api/acceso/registrar-ingreso - 404 null application/json; charset=utf-8 3817.2756ms
[2026-07-08 11:56:05 INF] Microsoft.AspNetCore.Hosting.Diagnostics Request starting HTTP/2 POST https://localhost:7001/api/membresias/asignar - application/json 125
[2026-07-08 11:56:05 INF] Microsoft.AspNetCore.Cors.Infrastructure.CorsService CORS policy execution successful.
[2026-07-08 11:56:05 INF] Microsoft.AspNetCore.Routing.EndpointMiddleware Executing endpoint 'GymAffiliate.Api.Controllers.MembresiasController.Asignar (GymAffiliate.Api)'
[2026-07-08 11:56:05 INF] Microsoft.AspNetCore.Mvc.Infrastructure.ControllerActionInvoker Route matched with {action = "Asignar", controller = "Membresias"}. Executing controller action with signature System.Threading.Tasks.Task`1[Microsoft.AspNetCore.Mvc.IActionResult] Asignar(GymAffiliate.Application.DTOs.Requests.AsignarMembresiaRequest, System.Threading.CancellationToken) on controller GymAffiliate.Api.Controllers.MembresiasController (GymAffiliate.Api).
[2026-07-08 11:56:05 INF] Microsoft.AspNetCore.Mvc.Infrastructure.ControllerActionInvoker Executing action method GymAffiliate.Api.Controllers.MembresiasController.Asignar (GymAffiliate.Api) - Validation state: "Valid"
[2026-07-08 11:57:50 INF]  GymAffiliate API lista. Swagger: https://localhost:xxxx/
[2026-07-08 11:57:50 INF] Microsoft.AspNetCore.DataProtection.KeyManagement.XmlKeyManager User profile is available. Using 'C:\Users\Miguel Angel\AppData\Local\ASP.NET\DataProtection-Keys' as key repository and Windows DPAPI to encrypt keys at rest.
[2026-07-08 11:57:51 INF] Microsoft.Hosting.Lifetime Now listening on: https://localhost:7001
[2026-07-08 11:57:51 INF] Microsoft.Hosting.Lifetime Now listening on: http://localhost:5001
[2026-07-08 11:57:51 INF] Microsoft.Hosting.Lifetime Application started. Press Ctrl+C to shut down.
[2026-07-08 11:57:51 INF] Microsoft.Hosting.Lifetime Hosting environment: Development
[2026-07-08 11:57:51 INF] Microsoft.Hosting.Lifetime Content root path: C:\Users\Miguel Angel\Documents\DesarrollosC#\GymAffiliate_API\GymAffiliate\src\Api
[2026-07-08 11:57:52 INF] Microsoft.AspNetCore.Hosting.Diagnostics Request starting HTTP/2 GET https://localhost:7001/index.html - null null
[2026-07-08 11:57:53 INF] Microsoft.AspNetCore.Hosting.Diagnostics Request finished HTTP/2 GET https://localhost:7001/index.html - 200 null text/html;charset=utf-8 805.2226ms
[2026-07-08 11:57:53 INF] Microsoft.AspNetCore.Hosting.Diagnostics Request starting HTTP/2 GET https://localhost:7001/_framework/aspnetcore-browser-refresh.js - null null
[2026-07-08 11:57:53 INF] Microsoft.AspNetCore.Hosting.Diagnostics Request starting HTTP/2 GET https://localhost:7001/_vs/browserLink - null null
[2026-07-08 11:57:53 INF] Microsoft.AspNetCore.Hosting.Diagnostics Request finished HTTP/2 GET https://localhost:7001/_framework/aspnetcore-browser-refresh.js - 200 16517 application/javascript; charset=utf-8 24.0333ms
[2026-07-08 11:57:53 INF] Microsoft.AspNetCore.Hosting.Diagnostics Request finished HTTP/2 GET https://localhost:7001/_vs/browserLink - 200 null text/javascript; charset=UTF-8 145.9108ms
[2026-07-08 11:57:53 INF] Microsoft.AspNetCore.Hosting.Diagnostics Request starting HTTP/2 GET https://localhost:7001/swagger/v1/swagger.json - null null
[2026-07-08 11:57:53 INF] Microsoft.AspNetCore.Hosting.Diagnostics Request finished HTTP/2 GET https://localhost:7001/swagger/v1/swagger.json - 200 null application/json;charset=utf-8 71.0365ms
[2026-07-08 11:58:12 INF] Microsoft.AspNetCore.Hosting.Diagnostics Request starting HTTP/2 POST https://localhost:7001/api/membresias/asignar - application/json 128
[2026-07-08 11:58:12 INF] Microsoft.AspNetCore.Cors.Infrastructure.CorsService CORS policy execution successful.
[2026-07-08 11:58:12 INF] Microsoft.AspNetCore.Routing.EndpointMiddleware Executing endpoint 'GymAffiliate.Api.Controllers.MembresiasController.Asignar (GymAffiliate.Api)'
[2026-07-08 11:58:13 INF] Microsoft.AspNetCore.Mvc.Infrastructure.ControllerActionInvoker Route matched with {action = "Asignar", controller = "Membresias"}. Executing controller action with signature System.Threading.Tasks.Task`1[Microsoft.AspNetCore.Mvc.IActionResult] Asignar(GymAffiliate.Application.DTOs.Requests.AsignarMembresiaRequest, System.Threading.CancellationToken) on controller GymAffiliate.Api.Controllers.MembresiasController (GymAffiliate.Api).
[2026-07-08 11:58:13 INF] Microsoft.AspNetCore.Mvc.Infrastructure.ControllerActionInvoker Executing action method GymAffiliate.Api.Controllers.MembresiasController.Asignar (GymAffiliate.Api) - Validation state: "Valid"
[2026-07-08 11:58:13 INF] GymAffiliate.Infrastructure.Persistence.Repositories.MembresiaRepository Asignar MembershipId=0
[2026-07-08 11:58:13 INF] Microsoft.AspNetCore.Mvc.Infrastructure.ControllerActionInvoker Executed action method GymAffiliate.Api.Controllers.MembresiasController.Asignar (GymAffiliate.Api), returned result Microsoft.AspNetCore.Mvc.OkObjectResult in 639.0901ms.
[2026-07-08 11:58:13 INF] Microsoft.AspNetCore.Mvc.Infrastructure.ObjectResultExecutor Executing OkObjectResult, writing value of type 'GymAffiliate.Shared.Result.ApiResponse`1[[GymAffiliate.Application.DTOs.Responses.MembresiaResponse, GymAffiliate.Application, Version=1.0.0.0, Culture=neutral, PublicKeyToken=null]]'.
[2026-07-08 11:58:13 INF] Microsoft.AspNetCore.Mvc.Infrastructure.ControllerActionInvoker Executed action GymAffiliate.Api.Controllers.MembresiasController.Asignar (GymAffiliate.Api) in 851.7375ms
[2026-07-08 11:58:13 INF] Microsoft.AspNetCore.Routing.EndpointMiddleware Executed endpoint 'GymAffiliate.Api.Controllers.MembresiasController.Asignar (GymAffiliate.Api)'
[2026-07-08 11:58:13 INF] Serilog.AspNetCore.RequestLoggingMiddleware HTTP POST /api/membresias/asignar → 200 (984.1ms)
[2026-07-08 11:58:13 INF] Microsoft.AspNetCore.Hosting.Diagnostics Request finished HTTP/2 POST https://localhost:7001/api/membresias/asignar - 200 null application/json; charset=utf-8 1019.1355ms
[2026-07-08 11:58:48 INF] Microsoft.AspNetCore.Hosting.Diagnostics Request starting HTTP/2 POST https://localhost:7001/api/acceso/registrar-ingreso - application/json 39
[2026-07-08 11:58:48 INF] Microsoft.AspNetCore.Cors.Infrastructure.CorsService CORS policy execution successful.
[2026-07-08 11:58:48 INF] Microsoft.AspNetCore.Routing.EndpointMiddleware Executing endpoint 'GymAffiliate.Api.Controllers.AccesoController.RegistrarIngreso (GymAffiliate.Api)'
[2026-07-08 11:58:48 INF] Microsoft.AspNetCore.Mvc.Infrastructure.ControllerActionInvoker Route matched with {action = "RegistrarIngreso", controller = "Acceso"}. Executing controller action with signature System.Threading.Tasks.Task`1[Microsoft.AspNetCore.Mvc.IActionResult] RegistrarIngreso(GymAffiliate.Application.DTOs.Requests.RegistrarIngresoRequest, System.Threading.CancellationToken) on controller GymAffiliate.Api.Controllers.AccesoController (GymAffiliate.Api).
[2026-07-08 11:58:48 WRN] LuckyPennySoftware.AutoMapper.License You do not have a valid license key for the Lucky Penny software AutoMapper. This is allowed for development and testing scenarios. If you are running in production you are required to have a licensed version. Please visit https://luckypennysoftware.com to obtain a valid license.
[2026-07-08 11:58:48 INF] Microsoft.AspNetCore.Mvc.Infrastructure.ControllerActionInvoker Executing action method GymAffiliate.Api.Controllers.AccesoController.RegistrarIngreso (GymAffiliate.Api) - Validation state: "Valid"
[2026-07-08 11:58:52 INF] Microsoft.AspNetCore.Mvc.Infrastructure.ControllerActionInvoker Executed action method GymAffiliate.Api.Controllers.AccesoController.RegistrarIngreso (GymAffiliate.Api), returned result Microsoft.AspNetCore.Mvc.ObjectResult in 4003.3326ms.
[2026-07-08 11:58:52 INF] Microsoft.AspNetCore.Mvc.Infrastructure.ObjectResultExecutor Executing ObjectResult, writing value of type 'GymAffiliate.Shared.Result.ApiResponse`1[[GymAffiliate.Application.DTOs.Responses.CheckInResponse, GymAffiliate.Application, Version=1.0.0.0, Culture=neutral, PublicKeyToken=null]]'.
[2026-07-08 11:58:52 INF] Microsoft.AspNetCore.Mvc.Infrastructure.ControllerActionInvoker Executed action GymAffiliate.Api.Controllers.AccesoController.RegistrarIngreso (GymAffiliate.Api) in 4206.0311ms
[2026-07-08 11:58:52 INF] Microsoft.AspNetCore.Routing.EndpointMiddleware Executed endpoint 'GymAffiliate.Api.Controllers.AccesoController.RegistrarIngreso (GymAffiliate.Api)'
[2026-07-08 11:58:52 ERR] Serilog.AspNetCore.RequestLoggingMiddleware HTTP POST /api/acceso/registrar-ingreso → 500 (4219.5ms)
[2026-07-08 11:58:52 INF] Microsoft.AspNetCore.Hosting.Diagnostics Request finished HTTP/2 POST https://localhost:7001/api/acceso/registrar-ingreso - 500 null application/json; charset=utf-8 4230.7255ms
[2026-07-08 11:59:05 INF] Microsoft.AspNetCore.Hosting.Diagnostics Request starting HTTP/2 GET https://localhost:7001/api/acceso/validar?affiliateId=1 - null null
[2026-07-08 11:59:05 INF] Microsoft.AspNetCore.Routing.EndpointMiddleware Executing endpoint 'GymAffiliate.Api.Controllers.AccesoController.Validar (GymAffiliate.Api)'
[2026-07-08 11:59:05 INF] Microsoft.AspNetCore.Mvc.Infrastructure.ControllerActionInvoker Route matched with {action = "Validar", controller = "Acceso"}. Executing controller action with signature System.Threading.Tasks.Task`1[Microsoft.AspNetCore.Mvc.IActionResult] Validar(Int32, System.Threading.CancellationToken) on controller GymAffiliate.Api.Controllers.AccesoController (GymAffiliate.Api).
[2026-07-08 11:59:05 INF] Microsoft.AspNetCore.Mvc.Infrastructure.ControllerActionInvoker Executing action method GymAffiliate.Api.Controllers.AccesoController.Validar (GymAffiliate.Api) - Validation state: "Valid"
[2026-07-08 11:59:05 INF] Microsoft.AspNetCore.Mvc.Infrastructure.ControllerActionInvoker Executed action method GymAffiliate.Api.Controllers.AccesoController.Validar (GymAffiliate.Api), returned result Microsoft.AspNetCore.Mvc.OkObjectResult in 173.0907ms.
[2026-07-08 11:59:05 INF] Microsoft.AspNetCore.Mvc.Infrastructure.ObjectResultExecutor Executing OkObjectResult, writing value of type 'GymAffiliate.Shared.Result.ApiResponse`1[[GymAffiliate.Application.DTOs.Responses.ValidacionAccesoResponse, GymAffiliate.Application, Version=1.0.0.0, Culture=neutral, PublicKeyToken=null]]'.
[2026-07-08 11:59:05 INF] Microsoft.AspNetCore.Mvc.Infrastructure.ControllerActionInvoker Executed action GymAffiliate.Api.Controllers.AccesoController.Validar (GymAffiliate.Api) in 212.7202ms
[2026-07-08 11:59:05 INF] Microsoft.AspNetCore.Routing.EndpointMiddleware Executed endpoint 'GymAffiliate.Api.Controllers.AccesoController.Validar (GymAffiliate.Api)'
[2026-07-08 11:59:05 INF] Serilog.AspNetCore.RequestLoggingMiddleware HTTP GET /api/acceso/validar → 200 (233.4ms)
[2026-07-08 11:59:05 INF] Microsoft.AspNetCore.Hosting.Diagnostics Request finished HTTP/2 GET https://localhost:7001/api/acceso/validar?affiliateId=1 - 200 null application/json; charset=utf-8 248.2068ms
[2026-07-08 12:02:20 INF]  GymAffiliate API lista. Swagger: https://localhost:xxxx/
[2026-07-08 12:02:20 INF] Microsoft.AspNetCore.DataProtection.KeyManagement.XmlKeyManager User profile is available. Using 'C:\Users\Miguel Angel\AppData\Local\ASP.NET\DataProtection-Keys' as key repository and Windows DPAPI to encrypt keys at rest.
[2026-07-08 12:02:21 INF] Microsoft.Hosting.Lifetime Now listening on: https://localhost:7001
[2026-07-08 12:02:21 INF] Microsoft.Hosting.Lifetime Now listening on: http://localhost:5001
[2026-07-08 12:02:21 INF] Microsoft.Hosting.Lifetime Application started. Press Ctrl+C to shut down.
[2026-07-08 12:02:21 INF] Microsoft.Hosting.Lifetime Hosting environment: Development
[2026-07-08 12:02:21 INF] Microsoft.Hosting.Lifetime Content root path: C:\Users\Miguel Angel\Documents\DesarrollosC#\GymAffiliate_API\GymAffiliate\src\Api
[2026-07-08 12:02:22 INF] Microsoft.AspNetCore.Hosting.Diagnostics Request starting HTTP/2 GET https://localhost:7001/index.html - null null
[2026-07-08 12:02:23 INF] Microsoft.AspNetCore.Hosting.Diagnostics Request finished HTTP/2 GET https://localhost:7001/index.html - 200 null text/html;charset=utf-8 728.1283ms
[2026-07-08 12:02:23 INF] Microsoft.AspNetCore.Hosting.Diagnostics Request starting HTTP/2 GET https://localhost:7001/_framework/aspnetcore-browser-refresh.js - null null
[2026-07-08 12:02:23 INF] Microsoft.AspNetCore.Hosting.Diagnostics Request starting HTTP/2 GET https://localhost:7001/_vs/browserLink - null null
[2026-07-08 12:02:23 INF] Microsoft.AspNetCore.Hosting.Diagnostics Request finished HTTP/2 GET https://localhost:7001/_framework/aspnetcore-browser-refresh.js - 200 16517 application/javascript; charset=utf-8 26.8201ms
[2026-07-08 12:02:23 INF] Microsoft.AspNetCore.Hosting.Diagnostics Request finished HTTP/2 GET https://localhost:7001/_vs/browserLink - 200 null text/javascript; charset=UTF-8 157.9784ms
[2026-07-08 12:02:32 INF] Microsoft.AspNetCore.Hosting.Diagnostics Request starting HTTP/2 GET https://localhost:7001/swagger/v1/swagger.json - null null
[2026-07-08 12:02:32 INF] Microsoft.AspNetCore.Hosting.Diagnostics Request finished HTTP/2 GET https://localhost:7001/swagger/v1/swagger.json - 200 null application/json;charset=utf-8 74.8894ms
[2026-07-08 12:04:23 INF] Microsoft.AspNetCore.Hosting.Diagnostics Request starting HTTP/2 POST https://localhost:7001/api/afiliados - application/json 334
[2026-07-08 12:04:23 INF] Microsoft.AspNetCore.Cors.Infrastructure.CorsService CORS policy execution successful.
[2026-07-08 12:04:23 INF] Microsoft.AspNetCore.Routing.EndpointMiddleware Executing endpoint 'GymAffiliate.Api.Controllers.AfiliadosController.Crear (GymAffiliate.Api)'
[2026-07-08 12:04:23 INF] Microsoft.AspNetCore.Mvc.Infrastructure.ControllerActionInvoker Route matched with {action = "Crear", controller = "Afiliados"}. Executing controller action with signature System.Threading.Tasks.Task`1[Microsoft.AspNetCore.Mvc.IActionResult] Crear(GymAffiliate.Application.DTOs.Requests.CrearAfiliadoRequest, System.Threading.CancellationToken) on controller GymAffiliate.Api.Controllers.AfiliadosController (GymAffiliate.Api).
[2026-07-08 12:04:24 WRN] LuckyPennySoftware.AutoMapper.License You do not have a valid license key for the Lucky Penny software AutoMapper. This is allowed for development and testing scenarios. If you are running in production you are required to have a licensed version. Please visit https://luckypennysoftware.com to obtain a valid license.
[2026-07-08 12:04:24 INF] Microsoft.AspNetCore.Mvc.Infrastructure.ControllerActionInvoker Executing action method GymAffiliate.Api.Controllers.AfiliadosController.Crear (GymAffiliate.Api) - Validation state: "Valid"
[2026-07-08 12:04:25 INF] GymAffiliate.Infrastructure.Persistence.Repositories.AfiliadoRepository Afiliado creado Id=0
[2026-07-08 12:04:25 INF] GymAffiliate.Application.UseCases.Afiliados.CrearAfiliadoHandler Afiliado creado correctamente: Id=0
[2026-07-08 12:04:25 INF] Microsoft.AspNetCore.Mvc.Infrastructure.ControllerActionInvoker Executed action method GymAffiliate.Api.Controllers.AfiliadosController.Crear (GymAffiliate.Api), returned result Microsoft.AspNetCore.Mvc.OkObjectResult in 766.0675ms.
[2026-07-08 12:04:25 INF] Microsoft.AspNetCore.Mvc.Infrastructure.ObjectResultExecutor Executing OkObjectResult, writing value of type 'GymAffiliate.Shared.Result.ApiResponse`1[[GymAffiliate.Application.DTOs.Responses.CrearAfiliadoResponse, GymAffiliate.Application, Version=1.0.0.0, Culture=neutral, PublicKeyToken=null]]'.
[2026-07-08 12:04:25 INF] Microsoft.AspNetCore.Mvc.Infrastructure.ControllerActionInvoker Executed action GymAffiliate.Api.Controllers.AfiliadosController.Crear (GymAffiliate.Api) in 1134.8711ms
[2026-07-08 12:04:25 INF] Microsoft.AspNetCore.Routing.EndpointMiddleware Executed endpoint 'GymAffiliate.Api.Controllers.AfiliadosController.Crear (GymAffiliate.Api)'
[2026-07-08 12:04:25 INF] Serilog.AspNetCore.RequestLoggingMiddleware HTTP POST /api/afiliados → 200 (1273.2ms)
[2026-07-08 12:04:25 INF] Microsoft.AspNetCore.Hosting.Diagnostics Request finished HTTP/2 POST https://localhost:7001/api/afiliados - 200 null application/json; charset=utf-8 1305.2382ms
[2026-07-08 12:04:54 INF] Microsoft.AspNetCore.Hosting.Diagnostics Request starting HTTP/2 GET https://localhost:7001/api/afiliados?FilterStatus=1&FilterBranchId=1 - null null
[2026-07-08 12:04:54 INF] Microsoft.AspNetCore.Routing.EndpointMiddleware Executing endpoint 'GymAffiliate.Api.Controllers.AfiliadosController.Listar (GymAffiliate.Api)'
[2026-07-08 12:04:54 INF] Microsoft.AspNetCore.Mvc.Infrastructure.ControllerActionInvoker Route matched with {action = "Listar", controller = "Afiliados"}. Executing controller action with signature System.Threading.Tasks.Task`1[Microsoft.AspNetCore.Mvc.IActionResult] Listar(GymAffiliate.Application.DTOs.Requests.ListarAfiliadosRequest, System.Threading.CancellationToken) on controller GymAffiliate.Api.Controllers.AfiliadosController (GymAffiliate.Api).
[2026-07-08 12:04:54 INF] Microsoft.AspNetCore.Mvc.Infrastructure.ControllerActionInvoker Executing action method GymAffiliate.Api.Controllers.AfiliadosController.Listar (GymAffiliate.Api) - Validation state: "Valid"
[2026-07-08 12:05:37 INF]  GymAffiliate API lista. Swagger: https://localhost:xxxx/
[2026-07-08 12:05:37 INF] Microsoft.AspNetCore.DataProtection.KeyManagement.XmlKeyManager User profile is available. Using 'C:\Users\Miguel Angel\AppData\Local\ASP.NET\DataProtection-Keys' as key repository and Windows DPAPI to encrypt keys at rest.
[2026-07-08 12:05:37 INF] Microsoft.Hosting.Lifetime Now listening on: https://localhost:7001
[2026-07-08 12:05:37 INF] Microsoft.Hosting.Lifetime Now listening on: http://localhost:5001
[2026-07-08 12:05:38 INF] Microsoft.Hosting.Lifetime Application started. Press Ctrl+C to shut down.
[2026-07-08 12:05:38 INF] Microsoft.Hosting.Lifetime Hosting environment: Development
[2026-07-08 12:05:38 INF] Microsoft.Hosting.Lifetime Content root path: C:\Users\Miguel Angel\Documents\DesarrollosC#\GymAffiliate_API\GymAffiliate\src\Api
[2026-07-08 12:05:38 INF] Microsoft.AspNetCore.Hosting.Diagnostics Request starting HTTP/2 GET https://localhost:7001/index.html - null null
[2026-07-08 12:05:39 INF] Microsoft.AspNetCore.Hosting.Diagnostics Request finished HTTP/2 GET https://localhost:7001/index.html - 200 null text/html;charset=utf-8 723.3683ms
[2026-07-08 12:05:39 INF] Microsoft.AspNetCore.Hosting.Diagnostics Request starting HTTP/2 GET https://localhost:7001/_framework/aspnetcore-browser-refresh.js - null null
[2026-07-08 12:05:39 INF] Microsoft.AspNetCore.Hosting.Diagnostics Request starting HTTP/2 GET https://localhost:7001/_vs/browserLink - null null
[2026-07-08 12:05:39 INF] Microsoft.AspNetCore.Hosting.Diagnostics Request finished HTTP/2 GET https://localhost:7001/_framework/aspnetcore-browser-refresh.js - 200 16517 application/javascript; charset=utf-8 19.7113ms
[2026-07-08 12:05:39 INF] Microsoft.AspNetCore.Hosting.Diagnostics Request finished HTTP/2 GET https://localhost:7001/_vs/browserLink - 200 null text/javascript; charset=UTF-8 91.7771ms
[2026-07-08 12:05:39 INF] Microsoft.AspNetCore.Hosting.Diagnostics Request starting HTTP/2 GET https://localhost:7001/swagger/v1/swagger.json - null null
[2026-07-08 12:05:39 INF] Microsoft.AspNetCore.Hosting.Diagnostics Request finished HTTP/2 GET https://localhost:7001/swagger/v1/swagger.json - 200 null application/json;charset=utf-8 55.8572ms
[2026-07-08 12:06:11 INF] Microsoft.AspNetCore.Hosting.Diagnostics Request starting HTTP/2 GET https://localhost:7001/api/afiliados?FilterStatus=1 - null null
[2026-07-08 12:06:11 INF] Microsoft.AspNetCore.Routing.EndpointMiddleware Executing endpoint 'GymAffiliate.Api.Controllers.AfiliadosController.Listar (GymAffiliate.Api)'
[2026-07-08 12:06:11 INF] Microsoft.AspNetCore.Mvc.Infrastructure.ControllerActionInvoker Route matched with {action = "Listar", controller = "Afiliados"}. Executing controller action with signature System.Threading.Tasks.Task`1[Microsoft.AspNetCore.Mvc.IActionResult] Listar(GymAffiliate.Application.DTOs.Requests.ListarAfiliadosRequest, System.Threading.CancellationToken) on controller GymAffiliate.Api.Controllers.AfiliadosController (GymAffiliate.Api).
[2026-07-08 12:06:11 WRN] LuckyPennySoftware.AutoMapper.License You do not have a valid license key for the Lucky Penny software AutoMapper. This is allowed for development and testing scenarios. If you are running in production you are required to have a licensed version. Please visit https://luckypennysoftware.com to obtain a valid license.
[2026-07-08 12:06:11 INF] Microsoft.AspNetCore.Mvc.Infrastructure.ControllerActionInvoker Executing action method GymAffiliate.Api.Controllers.AfiliadosController.Listar (GymAffiliate.Api) - Validation state: "Valid"
[2026-07-08 12:06:12 INF] Microsoft.AspNetCore.Mvc.Infrastructure.ControllerActionInvoker Executed action method GymAffiliate.Api.Controllers.AfiliadosController.Listar (GymAffiliate.Api), returned result Microsoft.AspNetCore.Mvc.OkObjectResult in 681.8633ms.
[2026-07-08 12:06:12 INF] Microsoft.AspNetCore.Mvc.Infrastructure.ObjectResultExecutor Executing OkObjectResult, writing value of type 'GymAffiliate.Shared.Result.PagedApiResponse`1[[GymAffiliate.Application.DTOs.Responses.AfiliadoListaResponse, GymAffiliate.Application, Version=1.0.0.0, Culture=neutral, PublicKeyToken=null]]'.
[2026-07-08 12:06:12 INF] Microsoft.AspNetCore.Mvc.Infrastructure.ControllerActionInvoker Executed action GymAffiliate.Api.Controllers.AfiliadosController.Listar (GymAffiliate.Api) in 1054.4129ms
[2026-07-08 12:06:12 INF] Microsoft.AspNetCore.Routing.EndpointMiddleware Executed endpoint 'GymAffiliate.Api.Controllers.AfiliadosController.Listar (GymAffiliate.Api)'
[2026-07-08 12:06:12 INF] Serilog.AspNetCore.RequestLoggingMiddleware HTTP GET /api/afiliados → 200 (1173.0ms)
[2026-07-08 12:06:12 INF] Microsoft.AspNetCore.Hosting.Diagnostics Request finished HTTP/2 GET https://localhost:7001/api/afiliados?FilterStatus=1 - 200 null application/json; charset=utf-8 1190.3813ms
[2026-07-08 12:09:34 INF]  GymAffiliate API lista. Swagger: https://localhost:xxxx/
[2026-07-08 12:09:34 INF] Microsoft.AspNetCore.DataProtection.KeyManagement.XmlKeyManager User profile is available. Using 'C:\Users\Miguel Angel\AppData\Local\ASP.NET\DataProtection-Keys' as key repository and Windows DPAPI to encrypt keys at rest.
[2026-07-08 12:09:35 INF] Microsoft.Hosting.Lifetime Now listening on: https://localhost:7001
[2026-07-08 12:09:35 INF] Microsoft.Hosting.Lifetime Now listening on: http://localhost:5001
[2026-07-08 12:09:35 INF] Microsoft.Hosting.Lifetime Application started. Press Ctrl+C to shut down.
[2026-07-08 12:09:35 INF] Microsoft.Hosting.Lifetime Hosting environment: Development
[2026-07-08 12:09:35 INF] Microsoft.Hosting.Lifetime Content root path: C:\Users\Miguel Angel\Documents\DesarrollosC#\GymAffiliate_API\GymAffiliate\src\Api
[2026-07-08 12:09:35 INF] Microsoft.AspNetCore.Hosting.Diagnostics Request starting HTTP/2 GET https://localhost:7001/index.html - null null
[2026-07-08 12:09:36 INF] Microsoft.AspNetCore.Hosting.Diagnostics Request finished HTTP/2 GET https://localhost:7001/index.html - 200 null text/html;charset=utf-8 767.3057ms
[2026-07-08 12:09:36 INF] Microsoft.AspNetCore.Hosting.Diagnostics Request starting HTTP/2 GET https://localhost:7001/_vs/browserLink - null null
[2026-07-08 12:09:36 INF] Microsoft.AspNetCore.Hosting.Diagnostics Request starting HTTP/2 GET https://localhost:7001/_framework/aspnetcore-browser-refresh.js - null null
[2026-07-08 12:09:36 INF] Microsoft.AspNetCore.Hosting.Diagnostics Request finished HTTP/2 GET https://localhost:7001/_framework/aspnetcore-browser-refresh.js - 200 16517 application/javascript; charset=utf-8 63.7267ms
[2026-07-08 12:09:36 INF] Microsoft.AspNetCore.Hosting.Diagnostics Request finished HTTP/2 GET https://localhost:7001/_vs/browserLink - 200 null text/javascript; charset=UTF-8 158.5432ms
[2026-07-08 12:09:36 INF] Microsoft.AspNetCore.Hosting.Diagnostics Request starting HTTP/2 GET https://localhost:7001/swagger/v1/swagger.json - null null
[2026-07-08 12:09:36 INF] Microsoft.AspNetCore.Hosting.Diagnostics Request finished HTTP/2 GET https://localhost:7001/swagger/v1/swagger.json - 200 null application/json;charset=utf-8 47.5273ms
[2026-07-08 12:11:03 INF] Microsoft.AspNetCore.Hosting.Diagnostics Request starting HTTP/2 PUT https://localhost:7001/api/afiliados/13 - application/json 263
[2026-07-08 12:11:03 INF] Microsoft.AspNetCore.Cors.Infrastructure.CorsService CORS policy execution successful.
[2026-07-08 12:11:03 INF] Microsoft.AspNetCore.Routing.EndpointMiddleware Executing endpoint 'GymAffiliate.Api.Controllers.AfiliadosController.Actualizar (GymAffiliate.Api)'
[2026-07-08 12:11:04 INF] Microsoft.AspNetCore.Mvc.Infrastructure.ControllerActionInvoker Route matched with {action = "Actualizar", controller = "Afiliados"}. Executing controller action with signature System.Threading.Tasks.Task`1[Microsoft.AspNetCore.Mvc.IActionResult] Actualizar(Int32, GymAffiliate.Application.DTOs.Requests.ActualizarAfiliadoRequest, System.Threading.CancellationToken) on controller GymAffiliate.Api.Controllers.AfiliadosController (GymAffiliate.Api).
[2026-07-08 12:11:04 WRN] LuckyPennySoftware.AutoMapper.License You do not have a valid license key for the Lucky Penny software AutoMapper. This is allowed for development and testing scenarios. If you are running in production you are required to have a licensed version. Please visit https://luckypennysoftware.com to obtain a valid license.
[2026-07-08 12:11:04 INF] Microsoft.AspNetCore.Mvc.Infrastructure.ControllerActionInvoker Executing action method GymAffiliate.Api.Controllers.AfiliadosController.Actualizar (GymAffiliate.Api) - Validation state: "Valid"
[2026-07-08 12:11:05 INF] Microsoft.AspNetCore.Mvc.Infrastructure.ControllerActionInvoker Executed action method GymAffiliate.Api.Controllers.AfiliadosController.Actualizar (GymAffiliate.Api), returned result Microsoft.AspNetCore.Mvc.OkObjectResult in 691.9229ms.
[2026-07-08 12:11:05 INF] Microsoft.AspNetCore.Mvc.Infrastructure.ObjectResultExecutor Executing OkObjectResult, writing value of type 'GymAffiliate.Shared.Result.ApiResponse`1[[System.Int32, System.Private.CoreLib, Version=8.0.0.0, Culture=neutral, PublicKeyToken=7cec85d7bea7798e]]'.
[2026-07-08 12:11:05 INF] Microsoft.AspNetCore.Mvc.Infrastructure.ControllerActionInvoker Executed action GymAffiliate.Api.Controllers.AfiliadosController.Actualizar (GymAffiliate.Api) in 1037.7564ms
[2026-07-08 12:11:05 INF] Microsoft.AspNetCore.Routing.EndpointMiddleware Executed endpoint 'GymAffiliate.Api.Controllers.AfiliadosController.Actualizar (GymAffiliate.Api)'
[2026-07-08 12:11:05 INF] Serilog.AspNetCore.RequestLoggingMiddleware HTTP PUT /api/afiliados/13 → 200 (1171.7ms)
[2026-07-08 12:11:05 INF] Microsoft.AspNetCore.Hosting.Diagnostics Request finished HTTP/2 PUT https://localhost:7001/api/afiliados/13 - 200 null application/json; charset=utf-8 1205.3759ms
[2026-07-08 12:11:27 INF] Microsoft.AspNetCore.Hosting.Diagnostics Request starting HTTP/2 PUT https://localhost:7001/api/afiliados/13 - application/json 269
[2026-07-08 12:11:27 INF] Microsoft.AspNetCore.Cors.Infrastructure.CorsService CORS policy execution successful.
[2026-07-08 12:11:27 INF] Microsoft.AspNetCore.Routing.EndpointMiddleware Executing endpoint 'GymAffiliate.Api.Controllers.AfiliadosController.Actualizar (GymAffiliate.Api)'
[2026-07-08 12:11:27 INF] Microsoft.AspNetCore.Mvc.Infrastructure.ControllerActionInvoker Route matched with {action = "Actualizar", controller = "Afiliados"}. Executing controller action with signature System.Threading.Tasks.Task`1[Microsoft.AspNetCore.Mvc.IActionResult] Actualizar(Int32, GymAffiliate.Application.DTOs.Requests.ActualizarAfiliadoRequest, System.Threading.CancellationToken) on controller GymAffiliate.Api.Controllers.AfiliadosController (GymAffiliate.Api).
[2026-07-08 12:11:27 INF] Microsoft.AspNetCore.Mvc.Infrastructure.ControllerActionInvoker Executing action method GymAffiliate.Api.Controllers.AfiliadosController.Actualizar (GymAffiliate.Api) - Validation state: "Valid"
[2026-07-08 12:11:27 INF] Microsoft.AspNetCore.Mvc.Infrastructure.ControllerActionInvoker Executed action method GymAffiliate.Api.Controllers.AfiliadosController.Actualizar (GymAffiliate.Api), returned result Microsoft.AspNetCore.Mvc.OkObjectResult in 166.279ms.
[2026-07-08 12:11:27 INF] Microsoft.AspNetCore.Mvc.Infrastructure.ObjectResultExecutor Executing OkObjectResult, writing value of type 'GymAffiliate.Shared.Result.ApiResponse`1[[System.Int32, System.Private.CoreLib, Version=8.0.0.0, Culture=neutral, PublicKeyToken=7cec85d7bea7798e]]'.
[2026-07-08 12:11:27 INF] Microsoft.AspNetCore.Mvc.Infrastructure.ControllerActionInvoker Executed action GymAffiliate.Api.Controllers.AfiliadosController.Actualizar (GymAffiliate.Api) in 191.2725ms
[2026-07-08 12:11:27 INF] Microsoft.AspNetCore.Routing.EndpointMiddleware Executed endpoint 'GymAffiliate.Api.Controllers.AfiliadosController.Actualizar (GymAffiliate.Api)'
[2026-07-08 12:11:27 INF] Serilog.AspNetCore.RequestLoggingMiddleware HTTP PUT /api/afiliados/13 → 200 (200.3ms)
[2026-07-08 12:11:27 INF] Microsoft.AspNetCore.Hosting.Diagnostics Request finished HTTP/2 PUT https://localhost:7001/api/afiliados/13 - 200 null application/json; charset=utf-8 223.014ms
[2026-07-08 12:11:47 INF] Microsoft.AspNetCore.Hosting.Diagnostics Request starting HTTP/2 DELETE https://localhost:7001/api/afiliados/13?notes=deleteaffilaitetest - null null
[2026-07-08 12:11:47 INF] Microsoft.AspNetCore.Cors.Infrastructure.CorsService CORS policy execution successful.
[2026-07-08 12:11:47 INF] Microsoft.AspNetCore.Routing.EndpointMiddleware Executing endpoint 'GymAffiliate.Api.Controllers.AfiliadosController.Eliminar (GymAffiliate.Api)'
[2026-07-08 12:11:47 INF] Microsoft.AspNetCore.Mvc.Infrastructure.ControllerActionInvoker Route matched with {action = "Eliminar", controller = "Afiliados"}. Executing controller action with signature System.Threading.Tasks.Task`1[Microsoft.AspNetCore.Mvc.IActionResult] Eliminar(Int32, System.String, System.Threading.CancellationToken) on controller GymAffiliate.Api.Controllers.AfiliadosController (GymAffiliate.Api).
[2026-07-08 12:11:47 INF] Microsoft.AspNetCore.Mvc.Infrastructure.ControllerActionInvoker Executing action method GymAffiliate.Api.Controllers.AfiliadosController.Eliminar (GymAffiliate.Api) - Validation state: "Valid"
[2026-07-08 12:11:47 INF] GymAffiliate.Infrastructure.Persistence.Repositories.AfiliadoRepository Afiliado 13 dado de baja.
[2026-07-08 12:11:47 INF] Microsoft.AspNetCore.Mvc.Infrastructure.ControllerActionInvoker Executed action method GymAffiliate.Api.Controllers.AfiliadosController.Eliminar (GymAffiliate.Api), returned result Microsoft.AspNetCore.Mvc.OkObjectResult in 16.4602ms.
[2026-07-08 12:11:47 INF] Microsoft.AspNetCore.Mvc.Infrastructure.ObjectResultExecutor Executing OkObjectResult, writing value of type 'GymAffiliate.Shared.Result.ApiResponse'.
[2026-07-08 12:11:47 INF] Microsoft.AspNetCore.Mvc.Infrastructure.ControllerActionInvoker Executed action GymAffiliate.Api.Controllers.AfiliadosController.Eliminar (GymAffiliate.Api) in 68.0443ms
[2026-07-08 12:11:47 INF] Microsoft.AspNetCore.Routing.EndpointMiddleware Executed endpoint 'GymAffiliate.Api.Controllers.AfiliadosController.Eliminar (GymAffiliate.Api)'
[2026-07-08 12:11:47 INF] Serilog.AspNetCore.RequestLoggingMiddleware HTTP DELETE /api/afiliados/13 → 200 (92.8ms)
[2026-07-08 12:11:47 INF] Microsoft.AspNetCore.Hosting.Diagnostics Request finished HTTP/2 DELETE https://localhost:7001/api/afiliados/13?notes=deleteaffilaitetest - 200 null application/json; charset=utf-8 110.9642ms
[2026-07-08 12:12:51 INF] Microsoft.AspNetCore.Hosting.Diagnostics Request starting HTTP/2 GET https://localhost:7001/api/afiliados/13 - null null
[2026-07-08 12:12:51 INF] Microsoft.AspNetCore.Routing.EndpointMiddleware Executing endpoint 'GymAffiliate.Api.Controllers.AfiliadosController.ObtenerPorId (GymAffiliate.Api)'
[2026-07-08 12:12:51 INF] Microsoft.AspNetCore.Mvc.Infrastructure.ControllerActionInvoker Route matched with {action = "ObtenerPorId", controller = "Afiliados"}. Executing controller action with signature System.Threading.Tasks.Task`1[Microsoft.AspNetCore.Mvc.IActionResult] ObtenerPorId(Int32, System.Threading.CancellationToken) on controller GymAffiliate.Api.Controllers.AfiliadosController (GymAffiliate.Api).
[2026-07-08 12:12:51 INF] Microsoft.AspNetCore.Mvc.Infrastructure.ControllerActionInvoker Executing action method GymAffiliate.Api.Controllers.AfiliadosController.ObtenerPorId (GymAffiliate.Api) - Validation state: "Valid"
[2026-07-08 12:13:01 INF] Microsoft.AspNetCore.Mvc.Infrastructure.ControllerActionInvoker Executed action method GymAffiliate.Api.Controllers.AfiliadosController.ObtenerPorId (GymAffiliate.Api), returned result Microsoft.AspNetCore.Mvc.ObjectResult in 9899.7633ms.
[2026-07-08 12:13:01 INF] Microsoft.AspNetCore.Mvc.Infrastructure.ObjectResultExecutor Executing ObjectResult, writing value of type 'GymAffiliate.Shared.Result.ApiResponse`1[[GymAffiliate.Application.DTOs.Responses.AfiliadoResponse, GymAffiliate.Application, Version=1.0.0.0, Culture=neutral, PublicKeyToken=null]]'.
[2026-07-08 12:13:01 INF] Microsoft.AspNetCore.Mvc.Infrastructure.ControllerActionInvoker Executed action GymAffiliate.Api.Controllers.AfiliadosController.ObtenerPorId (GymAffiliate.Api) in 9942.7927ms
[2026-07-08 12:13:01 INF] Microsoft.AspNetCore.Routing.EndpointMiddleware Executed endpoint 'GymAffiliate.Api.Controllers.AfiliadosController.ObtenerPorId (GymAffiliate.Api)'
[2026-07-08 12:13:01 INF] Serilog.AspNetCore.RequestLoggingMiddleware HTTP GET /api/afiliados/13 → 404 (9958.1ms)
[2026-07-08 12:13:01 INF] Microsoft.AspNetCore.Hosting.Diagnostics Request finished HTTP/2 GET https://localhost:7001/api/afiliados/13 - 404 null application/json; charset=utf-8 9974.2327ms
[2026-07-08 12:13:16 INF] Microsoft.AspNetCore.Hosting.Diagnostics Request starting HTTP/2 GET https://localhost:7001/api/afiliados/12 - null null
[2026-07-08 12:13:16 INF] Microsoft.AspNetCore.Routing.EndpointMiddleware Executing endpoint 'GymAffiliate.Api.Controllers.AfiliadosController.ObtenerPorId (GymAffiliate.Api)'
[2026-07-08 12:13:16 INF] Microsoft.AspNetCore.Mvc.Infrastructure.ControllerActionInvoker Route matched with {action = "ObtenerPorId", controller = "Afiliados"}. Executing controller action with signature System.Threading.Tasks.Task`1[Microsoft.AspNetCore.Mvc.IActionResult] ObtenerPorId(Int32, System.Threading.CancellationToken) on controller GymAffiliate.Api.Controllers.AfiliadosController (GymAffiliate.Api).
[2026-07-08 12:13:16 INF] Microsoft.AspNetCore.Mvc.Infrastructure.ControllerActionInvoker Executing action method GymAffiliate.Api.Controllers.AfiliadosController.ObtenerPorId (GymAffiliate.Api) - Validation state: "Valid"
[2026-07-08 12:13:20 INF] Microsoft.AspNetCore.Mvc.Infrastructure.ControllerActionInvoker Executed action method GymAffiliate.Api.Controllers.AfiliadosController.ObtenerPorId (GymAffiliate.Api), returned result Microsoft.AspNetCore.Mvc.OkObjectResult in 3739.9862ms.
[2026-07-08 12:13:20 INF] Microsoft.AspNetCore.Mvc.Infrastructure.ObjectResultExecutor Executing OkObjectResult, writing value of type 'GymAffiliate.Shared.Result.ApiResponse`1[[GymAffiliate.Application.DTOs.Responses.AfiliadoResponse, GymAffiliate.Application, Version=1.0.0.0, Culture=neutral, PublicKeyToken=null]]'.
[2026-07-08 12:13:20 INF] Microsoft.AspNetCore.Mvc.Infrastructure.ControllerActionInvoker Executed action GymAffiliate.Api.Controllers.AfiliadosController.ObtenerPorId (GymAffiliate.Api) in 3769.3928ms
[2026-07-08 12:13:20 INF] Microsoft.AspNetCore.Routing.EndpointMiddleware Executed endpoint 'GymAffiliate.Api.Controllers.AfiliadosController.ObtenerPorId (GymAffiliate.Api)'
[2026-07-08 12:13:20 INF] Serilog.AspNetCore.RequestLoggingMiddleware HTTP GET /api/afiliados/12 → 200 (3780.1ms)
[2026-07-08 12:13:20 INF] Microsoft.AspNetCore.Hosting.Diagnostics Request finished HTTP/2 GET https://localhost:7001/api/afiliados/12 - 200 null application/json; charset=utf-8 3794.1967ms
[2026-07-08 12:14:25 INF] Microsoft.AspNetCore.Hosting.Diagnostics Request starting HTTP/2 POST https://localhost:7001/api/auth/login - application/json 55
[2026-07-08 12:14:25 INF] Microsoft.AspNetCore.Cors.Infrastructure.CorsService CORS policy execution successful.
[2026-07-08 12:14:25 INF] Microsoft.AspNetCore.Routing.EndpointMiddleware Executing endpoint 'GymAffiliate.Api.Controllers.AuthController.Login (GymAffiliate.Api)'
[2026-07-08 12:14:25 INF] Microsoft.AspNetCore.Mvc.Infrastructure.ControllerActionInvoker Route matched with {action = "Login", controller = "Auth"}. Executing controller action with signature System.Threading.Tasks.Task`1[Microsoft.AspNetCore.Mvc.IActionResult] Login(GymAffiliate.Application.DTOs.Requests.LoginRequest, System.Threading.CancellationToken) on controller GymAffiliate.Api.Controllers.AuthController (GymAffiliate.Api).
[2026-07-08 12:14:25 INF] Microsoft.AspNetCore.Mvc.Infrastructure.ControllerActionInvoker Executing action method GymAffiliate.Api.Controllers.AuthController.Login (GymAffiliate.Api) - Validation state: "Valid"
[2026-07-08 12:14:32 INF] Microsoft.AspNetCore.Mvc.Infrastructure.ControllerActionInvoker Executed action method GymAffiliate.Api.Controllers.AuthController.Login (GymAffiliate.Api), returned result Microsoft.AspNetCore.Mvc.ObjectResult in 6964.0241ms.
[2026-07-08 12:14:32 INF] Microsoft.AspNetCore.Mvc.Infrastructure.ObjectResultExecutor Executing ObjectResult, writing value of type 'GymAffiliate.Shared.Result.ApiResponse`1[[GymAffiliate.Application.DTOs.Responses.LoginResponse, GymAffiliate.Application, Version=1.0.0.0, Culture=neutral, PublicKeyToken=null]]'.
[2026-07-08 12:14:32 INF] Microsoft.AspNetCore.Mvc.Infrastructure.ControllerActionInvoker Executed action GymAffiliate.Api.Controllers.AuthController.Login (GymAffiliate.Api) in 7045.6682ms
[2026-07-08 12:14:32 INF] Microsoft.AspNetCore.Routing.EndpointMiddleware Executed endpoint 'GymAffiliate.Api.Controllers.AuthController.Login (GymAffiliate.Api)'
[2026-07-08 12:14:32 INF] Serilog.AspNetCore.RequestLoggingMiddleware HTTP POST /api/auth/login → 403 (7074.0ms)
[2026-07-08 12:14:32 INF] Microsoft.AspNetCore.Hosting.Diagnostics Request finished HTTP/2 POST https://localhost:7001/api/auth/login - 403 null application/json; charset=utf-8 7082.495ms
[2026-07-08 12:15:03 INF] Microsoft.AspNetCore.Hosting.Diagnostics Request starting HTTP/2 POST https://localhost:7001/api/auth/login - application/json 77
[2026-07-08 12:15:03 INF] Microsoft.AspNetCore.Cors.Infrastructure.CorsService CORS policy execution successful.
[2026-07-08 12:15:03 INF] Microsoft.AspNetCore.Routing.EndpointMiddleware Executing endpoint 'GymAffiliate.Api.Controllers.AuthController.Login (GymAffiliate.Api)'
[2026-07-08 12:15:03 INF] Microsoft.AspNetCore.Mvc.Infrastructure.ControllerActionInvoker Route matched with {action = "Login", controller = "Auth"}. Executing controller action with signature System.Threading.Tasks.Task`1[Microsoft.AspNetCore.Mvc.IActionResult] Login(GymAffiliate.Application.DTOs.Requests.LoginRequest, System.Threading.CancellationToken) on controller GymAffiliate.Api.Controllers.AuthController (GymAffiliate.Api).
[2026-07-08 12:15:03 INF] Microsoft.AspNetCore.Mvc.Infrastructure.ControllerActionInvoker Executing action method GymAffiliate.Api.Controllers.AuthController.Login (GymAffiliate.Api) - Validation state: "Valid"
[2026-07-08 12:15:07 INF] GymAffiliate.Infrastructure.Persistence.Repositories.AuthRepository Login exitoso. Username=recepcion02, UserId=3
[2026-07-08 12:15:07 INF] GymAffiliate.Application.UseCases.Auth.LoginHandler Login exitoso UserId=3 Role=RECEPTION
[2026-07-08 12:15:09 INF] Microsoft.AspNetCore.Mvc.Infrastructure.ControllerActionInvoker Executed action method GymAffiliate.Api.Controllers.AuthController.Login (GymAffiliate.Api), returned result Microsoft.AspNetCore.Mvc.OkObjectResult in 5922.21ms.
[2026-07-08 12:15:09 INF] Microsoft.AspNetCore.Mvc.Infrastructure.ObjectResultExecutor Executing OkObjectResult, writing value of type 'GymAffiliate.Shared.Result.ApiResponse`1[[GymAffiliate.Application.DTOs.Responses.LoginResponse, GymAffiliate.Application, Version=1.0.0.0, Culture=neutral, PublicKeyToken=null]]'.
[2026-07-08 12:15:09 INF] Microsoft.AspNetCore.Mvc.Infrastructure.ControllerActionInvoker Executed action GymAffiliate.Api.Controllers.AuthController.Login (GymAffiliate.Api) in 5956.2822ms
[2026-07-08 12:15:09 INF] Microsoft.AspNetCore.Routing.EndpointMiddleware Executed endpoint 'GymAffiliate.Api.Controllers.AuthController.Login (GymAffiliate.Api)'
[2026-07-08 12:15:09 INF] Serilog.AspNetCore.RequestLoggingMiddleware HTTP POST /api/auth/login → 200 (5969.4ms)
[2026-07-08 12:15:09 INF] Microsoft.AspNetCore.Hosting.Diagnostics Request finished HTTP/2 POST https://localhost:7001/api/auth/login - 200 null application/json; charset=utf-8 6003.639ms
[2026-07-08 12:15:56 INF] Microsoft.AspNetCore.Hosting.Diagnostics Request starting HTTP/2 POST https://localhost:7001/api/auth/refresh - application/json 110
[2026-07-08 12:15:56 INF] Microsoft.AspNetCore.Cors.Infrastructure.CorsService CORS policy execution successful.
[2026-07-08 12:15:56 INF] Microsoft.AspNetCore.Routing.EndpointMiddleware Executing endpoint 'GymAffiliate.Api.Controllers.AuthController.Refresh (GymAffiliate.Api)'
[2026-07-08 12:15:56 INF] Microsoft.AspNetCore.Mvc.Infrastructure.ControllerActionInvoker Route matched with {action = "Refresh", controller = "Auth"}. Executing controller action with signature System.Threading.Tasks.Task`1[Microsoft.AspNetCore.Mvc.IActionResult] Refresh(GymAffiliate.Application.DTOs.Requests.RefreshTokenRequest, System.Threading.CancellationToken) on controller GymAffiliate.Api.Controllers.AuthController (GymAffiliate.Api).
[2026-07-08 12:15:56 INF] Microsoft.AspNetCore.Mvc.Infrastructure.ControllerActionInvoker Executing action method GymAffiliate.Api.Controllers.AuthController.Refresh (GymAffiliate.Api) - Validation state: "Valid"
[2026-07-08 12:15:56 INF] GymAffiliate.Infrastructure.Persistence.Repositories.AuthRepository Refresh token rotado para UserId=3
[2026-07-08 12:15:56 INF] GymAffiliate.Application.UseCases.Auth.RefreshTokenHandler Refresh exitoso UserId=3
[2026-07-08 12:15:56 INF] Microsoft.AspNetCore.Mvc.Infrastructure.ControllerActionInvoker Executed action method GymAffiliate.Api.Controllers.AuthController.Refresh (GymAffiliate.Api), returned result Microsoft.AspNetCore.Mvc.OkObjectResult in 105.4219ms.
[2026-07-08 12:15:56 INF] Microsoft.AspNetCore.Mvc.Infrastructure.ObjectResultExecutor Executing OkObjectResult, writing value of type 'GymAffiliate.Shared.Result.ApiResponse`1[[GymAffiliate.Application.DTOs.Responses.RefreshTokenResponse, GymAffiliate.Application, Version=1.0.0.0, Culture=neutral, PublicKeyToken=null]]'.
[2026-07-08 12:15:56 INF] Microsoft.AspNetCore.Mvc.Infrastructure.ControllerActionInvoker Executed action GymAffiliate.Api.Controllers.AuthController.Refresh (GymAffiliate.Api) in 125.7024ms
[2026-07-08 12:15:56 INF] Microsoft.AspNetCore.Routing.EndpointMiddleware Executed endpoint 'GymAffiliate.Api.Controllers.AuthController.Refresh (GymAffiliate.Api)'
[2026-07-08 12:15:56 INF] Serilog.AspNetCore.RequestLoggingMiddleware HTTP POST /api/auth/refresh → 200 (138.8ms)
[2026-07-08 12:15:56 INF] Microsoft.AspNetCore.Hosting.Diagnostics Request finished HTTP/2 POST https://localhost:7001/api/auth/refresh - 200 null application/json; charset=utf-8 160.533ms
[2026-07-08 12:16:55 INF] Microsoft.AspNetCore.Hosting.Diagnostics Request starting HTTP/2 POST https://localhost:7001/api/auth/logout - application/json 157
[2026-07-08 12:16:55 INF] Microsoft.AspNetCore.Cors.Infrastructure.CorsService CORS policy execution successful.
[2026-07-08 12:16:55 INF] Microsoft.AspNetCore.Routing.EndpointMiddleware Executing endpoint 'GymAffiliate.Api.Controllers.AuthController.Logout (GymAffiliate.Api)'
[2026-07-08 12:16:55 INF] Microsoft.AspNetCore.Mvc.Infrastructure.ControllerActionInvoker Route matched with {action = "Logout", controller = "Auth"}. Executing controller action with signature System.Threading.Tasks.Task`1[Microsoft.AspNetCore.Mvc.IActionResult] Logout(GymAffiliate.Application.DTOs.Requests.LogoutRequest, System.Threading.CancellationToken) on controller GymAffiliate.Api.Controllers.AuthController (GymAffiliate.Api).
[2026-07-08 12:16:58 INF] Microsoft.AspNetCore.Mvc.Infrastructure.ControllerActionInvoker Executing action method GymAffiliate.Api.Controllers.AuthController.Logout (GymAffiliate.Api) - Validation state: "Valid"
[2026-07-08 12:17:04 INF] GymAffiliate.Infrastructure.Persistence.Repositories.AuthRepository Logout exitoso. UserId=null, RefreshToken=a77e4eaf885e406d849f4792f53f64b6dce35f05653c4d2c82247b6d0e9f55ff93565b3ba5be4f18a96c614dca56e51b
[2026-07-08 12:17:04 INF] GymAffiliate.Application.UseCases.Auth.LogoutHandler Logout UserId=null LogoutAll=false
[2026-07-08 12:17:04 INF] Microsoft.AspNetCore.Mvc.Infrastructure.ControllerActionInvoker Executed action method GymAffiliate.Api.Controllers.AuthController.Logout (GymAffiliate.Api), returned result Microsoft.AspNetCore.Mvc.OkObjectResult in 5799.1593ms.
[2026-07-08 12:17:04 INF] Microsoft.AspNetCore.Mvc.Infrastructure.ObjectResultExecutor Executing OkObjectResult, writing value of type 'GymAffiliate.Shared.Result.ApiResponse'.
[2026-07-08 12:17:04 INF] Microsoft.AspNetCore.Mvc.Infrastructure.ControllerActionInvoker Executed action GymAffiliate.Api.Controllers.AuthController.Logout (GymAffiliate.Api) in 9370.548ms
[2026-07-08 12:17:04 INF] Microsoft.AspNetCore.Routing.EndpointMiddleware Executed endpoint 'GymAffiliate.Api.Controllers.AuthController.Logout (GymAffiliate.Api)'
[2026-07-08 12:17:04 INF] Serilog.AspNetCore.RequestLoggingMiddleware HTTP POST /api/auth/logout → 200 (9397.1ms)
[2026-07-08 12:17:04 INF] Microsoft.AspNetCore.Hosting.Diagnostics Request finished HTTP/2 POST https://localhost:7001/api/auth/logout - 200 null application/json; charset=utf-8 9415.8352ms
[2026-07-08 12:17:45 INF] Microsoft.AspNetCore.Hosting.Diagnostics Request starting HTTP/2 GET https://localhost:7001/api/auth/usuarios?RoleId=2 - null null
[2026-07-08 12:17:45 INF] Microsoft.AspNetCore.Routing.EndpointMiddleware Executing endpoint 'GymAffiliate.Api.Controllers.AuthController.ListarUsuarios (GymAffiliate.Api)'
[2026-07-08 12:17:45 INF] Microsoft.AspNetCore.Mvc.Infrastructure.ControllerActionInvoker Route matched with {action = "ListarUsuarios", controller = "Auth"}. Executing controller action with signature System.Threading.Tasks.Task`1[Microsoft.AspNetCore.Mvc.IActionResult] ListarUsuarios(GymAffiliate.Application.DTOs.Requests.ListarUsuariosRequest, System.Threading.CancellationToken) on controller GymAffiliate.Api.Controllers.AuthController (GymAffiliate.Api).
[2026-07-08 12:17:45 INF] Microsoft.AspNetCore.Mvc.Infrastructure.ControllerActionInvoker Executing action method GymAffiliate.Api.Controllers.AuthController.ListarUsuarios (GymAffiliate.Api) - Validation state: "Valid"
[2026-07-08 12:17:49 INF] Microsoft.AspNetCore.Mvc.Infrastructure.ControllerActionInvoker Executed action method GymAffiliate.Api.Controllers.AuthController.ListarUsuarios (GymAffiliate.Api), returned result Microsoft.AspNetCore.Mvc.OkObjectResult in 3574.7041ms.
[2026-07-08 12:17:49 INF] Microsoft.AspNetCore.Mvc.Infrastructure.ObjectResultExecutor Executing OkObjectResult, writing value of type 'GymAffiliate.Shared.Result.PagedApiResponse`1[[GymAffiliate.Application.DTOs.Responses.UsuarioSistemaListaResponse, GymAffiliate.Application, Version=1.0.0.0, Culture=neutral, PublicKeyToken=null]]'.
[2026-07-08 12:17:49 INF] Microsoft.AspNetCore.Mvc.Infrastructure.ControllerActionInvoker Executed action GymAffiliate.Api.Controllers.AuthController.ListarUsuarios (GymAffiliate.Api) in 3606.6315ms
[2026-07-08 12:17:49 INF] Microsoft.AspNetCore.Routing.EndpointMiddleware Executed endpoint 'GymAffiliate.Api.Controllers.AuthController.ListarUsuarios (GymAffiliate.Api)'
[2026-07-08 12:17:49 INF] Serilog.AspNetCore.RequestLoggingMiddleware HTTP GET /api/auth/usuarios → 200 (3631.5ms)
[2026-07-08 12:17:49 INF] Microsoft.AspNetCore.Hosting.Diagnostics Request finished HTTP/2 GET https://localhost:7001/api/auth/usuarios?RoleId=2 - 200 null application/json; charset=utf-8 3637.2281ms
[2026-07-08 12:17:56 INF] Microsoft.AspNetCore.Hosting.Diagnostics Request starting HTTP/2 GET https://localhost:7001/api/auth/usuarios?RoleId=3 - null null
[2026-07-08 12:17:56 INF] Microsoft.AspNetCore.Routing.EndpointMiddleware Executing endpoint 'GymAffiliate.Api.Controllers.AuthController.ListarUsuarios (GymAffiliate.Api)'
[2026-07-08 12:17:56 INF] Microsoft.AspNetCore.Mvc.Infrastructure.ControllerActionInvoker Route matched with {action = "ListarUsuarios", controller = "Auth"}. Executing controller action with signature System.Threading.Tasks.Task`1[Microsoft.AspNetCore.Mvc.IActionResult] ListarUsuarios(GymAffiliate.Application.DTOs.Requests.ListarUsuariosRequest, System.Threading.CancellationToken) on controller GymAffiliate.Api.Controllers.AuthController (GymAffiliate.Api).
[2026-07-08 12:17:56 INF] Microsoft.AspNetCore.Mvc.Infrastructure.ControllerActionInvoker Executing action method GymAffiliate.Api.Controllers.AuthController.ListarUsuarios (GymAffiliate.Api) - Validation state: "Valid"
[2026-07-08 12:17:58 INF] Microsoft.AspNetCore.Mvc.Infrastructure.ControllerActionInvoker Executed action method GymAffiliate.Api.Controllers.AuthController.ListarUsuarios (GymAffiliate.Api), returned result Microsoft.AspNetCore.Mvc.OkObjectResult in 1965.6403ms.
[2026-07-08 12:17:58 INF] Microsoft.AspNetCore.Mvc.Infrastructure.ObjectResultExecutor Executing OkObjectResult, writing value of type 'GymAffiliate.Shared.Result.PagedApiResponse`1[[GymAffiliate.Application.DTOs.Responses.UsuarioSistemaListaResponse, GymAffiliate.Application, Version=1.0.0.0, Culture=neutral, PublicKeyToken=null]]'.
[2026-07-08 12:17:58 INF] Microsoft.AspNetCore.Mvc.Infrastructure.ControllerActionInvoker Executed action GymAffiliate.Api.Controllers.AuthController.ListarUsuarios (GymAffiliate.Api) in 1992.6315ms
[2026-07-08 12:17:58 INF] Microsoft.AspNetCore.Routing.EndpointMiddleware Executed endpoint 'GymAffiliate.Api.Controllers.AuthController.ListarUsuarios (GymAffiliate.Api)'
[2026-07-08 12:17:58 INF] Serilog.AspNetCore.RequestLoggingMiddleware HTTP GET /api/auth/usuarios → 200 (2001.7ms)
[2026-07-08 12:17:58 INF] Microsoft.AspNetCore.Hosting.Diagnostics Request finished HTTP/2 GET https://localhost:7001/api/auth/usuarios?RoleId=3 - 200 null application/json; charset=utf-8 2016.2796ms
[2026-07-08 12:18:44 INF] Microsoft.AspNetCore.Hosting.Diagnostics Request starting HTTP/2 GET https://localhost:7001/api/auth/usuarios/3 - null null
[2026-07-08 12:18:44 INF] Microsoft.AspNetCore.Routing.EndpointMiddleware Executing endpoint 'GymAffiliate.Api.Controllers.AuthController.ObtenerUsuario (GymAffiliate.Api)'
[2026-07-08 12:18:44 INF] Microsoft.AspNetCore.Mvc.Infrastructure.ControllerActionInvoker Route matched with {action = "ObtenerUsuario", controller = "Auth"}. Executing controller action with signature System.Threading.Tasks.Task`1[Microsoft.AspNetCore.Mvc.IActionResult] ObtenerUsuario(Int32, System.Threading.CancellationToken) on controller GymAffiliate.Api.Controllers.AuthController (GymAffiliate.Api).
[2026-07-08 12:18:44 INF] Microsoft.AspNetCore.Mvc.Infrastructure.ControllerActionInvoker Executing action method GymAffiliate.Api.Controllers.AuthController.ObtenerUsuario (GymAffiliate.Api) - Validation state: "Valid"
[2026-07-08 12:18:44 INF] Microsoft.AspNetCore.Mvc.Infrastructure.ControllerActionInvoker Executed action method GymAffiliate.Api.Controllers.AuthController.ObtenerUsuario (GymAffiliate.Api), returned result Microsoft.AspNetCore.Mvc.OkObjectResult in 114.0728ms.
[2026-07-08 12:18:44 INF] Microsoft.AspNetCore.Mvc.Infrastructure.ObjectResultExecutor Executing OkObjectResult, writing value of type 'GymAffiliate.Shared.Result.ApiResponse`1[[GymAffiliate.Application.DTOs.Responses.UsuarioSistemaResponse, GymAffiliate.Application, Version=1.0.0.0, Culture=neutral, PublicKeyToken=null]]'.
[2026-07-08 12:18:44 INF] Microsoft.AspNetCore.Mvc.Infrastructure.ControllerActionInvoker Executed action GymAffiliate.Api.Controllers.AuthController.ObtenerUsuario (GymAffiliate.Api) in 139.0875ms
[2026-07-08 12:18:44 INF] Microsoft.AspNetCore.Routing.EndpointMiddleware Executed endpoint 'GymAffiliate.Api.Controllers.AuthController.ObtenerUsuario (GymAffiliate.Api)'
[2026-07-08 12:18:44 INF] Serilog.AspNetCore.RequestLoggingMiddleware HTTP GET /api/auth/usuarios/3 → 200 (163.8ms)
[2026-07-08 12:18:44 INF] Microsoft.AspNetCore.Hosting.Diagnostics Request finished HTTP/2 GET https://localhost:7001/api/auth/usuarios/3 - 200 null application/json; charset=utf-8 182.0073ms
[2026-07-08 12:19:21 INF] Microsoft.AspNetCore.Hosting.Diagnostics Request starting HTTP/2 GET https://localhost:7001/health - null null
[2026-07-08 12:19:21 INF] Microsoft.AspNetCore.Routing.EndpointMiddleware Executing endpoint 'HTTP: GET /health'
[2026-07-08 12:19:21 INF] Microsoft.AspNetCore.Http.Result.OkObjectResult Setting HTTP status code 200.
[2026-07-08 12:19:21 INF] Microsoft.AspNetCore.Http.Result.OkObjectResult Writing value of type '<>f__AnonymousType4`2' as Json.
[2026-07-08 12:19:21 INF] Microsoft.AspNetCore.Routing.EndpointMiddleware Executed endpoint 'HTTP: GET /health'
[2026-07-08 12:19:21 INF] Serilog.AspNetCore.RequestLoggingMiddleware HTTP GET /health → 200 (40.1ms)
[2026-07-08 12:19:21 INF] Microsoft.AspNetCore.Hosting.Diagnostics Request finished HTTP/2 GET https://localhost:7001/health - 200 null application/json; charset=utf-8 92.9171ms
[2026-07-08 12:23:10 INF] Microsoft.AspNetCore.Hosting.Diagnostics Request starting HTTP/2 POST https://localhost:7001/api/membresias/asignar - application/json 121
[2026-07-08 12:23:10 INF] Microsoft.AspNetCore.Cors.Infrastructure.CorsService CORS policy execution successful.
[2026-07-08 12:23:10 INF] Microsoft.AspNetCore.Routing.EndpointMiddleware Executing endpoint 'GymAffiliate.Api.Controllers.MembresiasController.Asignar (GymAffiliate.Api)'
[2026-07-08 12:23:10 INF] Microsoft.AspNetCore.Mvc.Infrastructure.ControllerActionInvoker Route matched with {action = "Asignar", controller = "Membresias"}. Executing controller action with signature System.Threading.Tasks.Task`1[Microsoft.AspNetCore.Mvc.IActionResult] Asignar(GymAffiliate.Application.DTOs.Requests.AsignarMembresiaRequest, System.Threading.CancellationToken) on controller GymAffiliate.Api.Controllers.MembresiasController (GymAffiliate.Api).
[2026-07-08 12:23:10 INF] Microsoft.AspNetCore.Mvc.Infrastructure.ObjectResultExecutor Executing BadRequestObjectResult, writing value of type 'Microsoft.AspNetCore.Mvc.ValidationProblemDetails'.
[2026-07-08 12:23:10 INF] Microsoft.AspNetCore.Mvc.Infrastructure.ControllerActionInvoker Executed action GymAffiliate.Api.Controllers.MembresiasController.Asignar (GymAffiliate.Api) in 52.0303ms
[2026-07-08 12:23:10 INF] Microsoft.AspNetCore.Routing.EndpointMiddleware Executed endpoint 'GymAffiliate.Api.Controllers.MembresiasController.Asignar (GymAffiliate.Api)'
[2026-07-08 12:23:10 INF] Serilog.AspNetCore.RequestLoggingMiddleware HTTP POST /api/membresias/asignar → 400 (71.6ms)
[2026-07-08 12:23:10 INF] Microsoft.AspNetCore.Hosting.Diagnostics Request finished HTTP/2 POST https://localhost:7001/api/membresias/asignar - 400 null application/problem+json; charset=utf-8 90.597ms
[2026-07-08 12:23:40 INF] Microsoft.AspNetCore.Hosting.Diagnostics Request starting HTTP/2 POST https://localhost:7001/api/membresias/asignar - application/json 126
[2026-07-08 12:23:40 INF] Microsoft.AspNetCore.Cors.Infrastructure.CorsService CORS policy execution successful.
[2026-07-08 12:23:40 INF] Microsoft.AspNetCore.Routing.EndpointMiddleware Executing endpoint 'GymAffiliate.Api.Controllers.MembresiasController.Asignar (GymAffiliate.Api)'
[2026-07-08 12:23:40 INF] Microsoft.AspNetCore.Mvc.Infrastructure.ControllerActionInvoker Route matched with {action = "Asignar", controller = "Membresias"}. Executing controller action with signature System.Threading.Tasks.Task`1[Microsoft.AspNetCore.Mvc.IActionResult] Asignar(GymAffiliate.Application.DTOs.Requests.AsignarMembresiaRequest, System.Threading.CancellationToken) on controller GymAffiliate.Api.Controllers.MembresiasController (GymAffiliate.Api).
[2026-07-08 12:23:40 INF] Microsoft.AspNetCore.Mvc.Infrastructure.ObjectResultExecutor Executing BadRequestObjectResult, writing value of type 'Microsoft.AspNetCore.Mvc.ValidationProblemDetails'.
[2026-07-08 12:23:40 INF] Microsoft.AspNetCore.Mvc.Infrastructure.ControllerActionInvoker Executed action GymAffiliate.Api.Controllers.MembresiasController.Asignar (GymAffiliate.Api) in 18.0791ms
[2026-07-08 12:23:40 INF] Microsoft.AspNetCore.Routing.EndpointMiddleware Executed endpoint 'GymAffiliate.Api.Controllers.MembresiasController.Asignar (GymAffiliate.Api)'
[2026-07-08 12:23:40 INF] Serilog.AspNetCore.RequestLoggingMiddleware HTTP POST /api/membresias/asignar → 400 (29.0ms)
[2026-07-08 12:23:40 INF] Microsoft.AspNetCore.Hosting.Diagnostics Request finished HTTP/2 POST https://localhost:7001/api/membresias/asignar - 400 null application/problem+json; charset=utf-8 46.9764ms
[2026-07-08 12:23:50 INF] Microsoft.AspNetCore.Hosting.Diagnostics Request starting HTTP/2 POST https://localhost:7001/api/membresias/asignar - application/json 122
[2026-07-08 12:23:50 INF] Microsoft.AspNetCore.Cors.Infrastructure.CorsService CORS policy execution successful.
[2026-07-08 12:23:50 INF] Microsoft.AspNetCore.Routing.EndpointMiddleware Executing endpoint 'GymAffiliate.Api.Controllers.MembresiasController.Asignar (GymAffiliate.Api)'
[2026-07-08 12:23:50 INF] Microsoft.AspNetCore.Mvc.Infrastructure.ControllerActionInvoker Route matched with {action = "Asignar", controller = "Membresias"}. Executing controller action with signature System.Threading.Tasks.Task`1[Microsoft.AspNetCore.Mvc.IActionResult] Asignar(GymAffiliate.Application.DTOs.Requests.AsignarMembresiaRequest, System.Threading.CancellationToken) on controller GymAffiliate.Api.Controllers.MembresiasController (GymAffiliate.Api).
[2026-07-08 12:23:50 INF] Microsoft.AspNetCore.Mvc.Infrastructure.ControllerActionInvoker Executing action method GymAffiliate.Api.Controllers.MembresiasController.Asignar (GymAffiliate.Api) - Validation state: "Valid"
[2026-07-08 12:23:50 INF] GymAffiliate.Infrastructure.Persistence.Repositories.MembresiaRepository Asignar MembershipId=0
[2026-07-08 12:23:50 INF] Microsoft.AspNetCore.Mvc.Infrastructure.ControllerActionInvoker Executed action method GymAffiliate.Api.Controllers.MembresiasController.Asignar (GymAffiliate.Api), returned result Microsoft.AspNetCore.Mvc.OkObjectResult in 168.5054ms.
[2026-07-08 12:23:50 INF] Microsoft.AspNetCore.Mvc.Infrastructure.ObjectResultExecutor Executing OkObjectResult, writing value of type 'GymAffiliate.Shared.Result.ApiResponse`1[[GymAffiliate.Application.DTOs.Responses.MembresiaResponse, GymAffiliate.Application, Version=1.0.0.0, Culture=neutral, PublicKeyToken=null]]'.
[2026-07-08 12:23:50 INF] Microsoft.AspNetCore.Mvc.Infrastructure.ControllerActionInvoker Executed action GymAffiliate.Api.Controllers.MembresiasController.Asignar (GymAffiliate.Api) in 213.6974ms
[2026-07-08 12:23:50 INF] Microsoft.AspNetCore.Routing.EndpointMiddleware Executed endpoint 'GymAffiliate.Api.Controllers.MembresiasController.Asignar (GymAffiliate.Api)'
[2026-07-08 12:23:50 INF] Serilog.AspNetCore.RequestLoggingMiddleware HTTP POST /api/membresias/asignar → 200 (226.1ms)
[2026-07-08 12:23:50 INF] Microsoft.AspNetCore.Hosting.Diagnostics Request finished HTTP/2 POST https://localhost:7001/api/membresias/asignar - 200 null application/json; charset=utf-8 247.0918ms
[2026-07-08 12:24:31 INF] Microsoft.AspNetCore.Hosting.Diagnostics Request starting HTTP/2 POST https://localhost:7001/api/membresias/renovar - application/json 80
[2026-07-08 12:24:31 INF] Microsoft.AspNetCore.Cors.Infrastructure.CorsService CORS policy execution successful.
[2026-07-08 12:24:31 INF] Microsoft.AspNetCore.Routing.EndpointMiddleware Executing endpoint 'GymAffiliate.Api.Controllers.MembresiasController.Renovar (GymAffiliate.Api)'
[2026-07-08 12:24:31 INF] Microsoft.AspNetCore.Mvc.Infrastructure.ControllerActionInvoker Route matched with {action = "Renovar", controller = "Membresias"}. Executing controller action with signature System.Threading.Tasks.Task`1[Microsoft.AspNetCore.Mvc.IActionResult] Renovar(GymAffiliate.Application.DTOs.Requests.RenovarMembresiaRequest, System.Threading.CancellationToken) on controller GymAffiliate.Api.Controllers.MembresiasController (GymAffiliate.Api).
[2026-07-08 12:24:31 INF] Microsoft.AspNetCore.Mvc.Infrastructure.ControllerActionInvoker Executing action method GymAffiliate.Api.Controllers.MembresiasController.Renovar (GymAffiliate.Api) - Validation state: "Valid"
[2026-07-08 12:24:31 INF] GymAffiliate.Infrastructure.Persistence.Repositories.MembresiaRepository Renovar MembershipId=0
[2026-07-08 12:24:31 INF] Microsoft.AspNetCore.Mvc.Infrastructure.ControllerActionInvoker Executed action method GymAffiliate.Api.Controllers.MembresiasController.Renovar (GymAffiliate.Api), returned result Microsoft.AspNetCore.Mvc.OkObjectResult in 132.1105ms.
[2026-07-08 12:24:31 INF] Microsoft.AspNetCore.Mvc.Infrastructure.ObjectResultExecutor Executing OkObjectResult, writing value of type 'GymAffiliate.Shared.Result.ApiResponse`1[[GymAffiliate.Application.DTOs.Responses.MembresiaResponse, GymAffiliate.Application, Version=1.0.0.0, Culture=neutral, PublicKeyToken=null]]'.
[2026-07-08 12:24:31 INF] Microsoft.AspNetCore.Mvc.Infrastructure.ControllerActionInvoker Executed action GymAffiliate.Api.Controllers.MembresiasController.Renovar (GymAffiliate.Api) in 165.2079ms
[2026-07-08 12:24:31 INF] Microsoft.AspNetCore.Routing.EndpointMiddleware Executed endpoint 'GymAffiliate.Api.Controllers.MembresiasController.Renovar (GymAffiliate.Api)'
[2026-07-08 12:24:31 INF] Serilog.AspNetCore.RequestLoggingMiddleware HTTP POST /api/membresias/renovar → 200 (193.1ms)
[2026-07-08 12:24:31 INF] Microsoft.AspNetCore.Hosting.Diagnostics Request finished HTTP/2 POST https://localhost:7001/api/membresias/renovar - 200 null application/json; charset=utf-8 203.7582ms
[2026-07-08 12:25:06 INF] Microsoft.AspNetCore.Hosting.Diagnostics Request starting HTTP/2 PUT https://localhost:7001/api/membresias/cambiar-plan - application/json 97
[2026-07-08 12:25:06 INF] Microsoft.AspNetCore.Cors.Infrastructure.CorsService CORS policy execution successful.
[2026-07-08 12:25:06 INF] Microsoft.AspNetCore.Routing.EndpointMiddleware Executing endpoint 'GymAffiliate.Api.Controllers.MembresiasController.CambiarPlan (GymAffiliate.Api)'
[2026-07-08 12:25:06 INF] Microsoft.AspNetCore.Mvc.Infrastructure.ControllerActionInvoker Route matched with {action = "CambiarPlan", controller = "Membresias"}. Executing controller action with signature System.Threading.Tasks.Task`1[Microsoft.AspNetCore.Mvc.IActionResult] CambiarPlan(GymAffiliate.Application.DTOs.Requests.CambiarPlanRequest, System.Threading.CancellationToken) on controller GymAffiliate.Api.Controllers.MembresiasController (GymAffiliate.Api).
[2026-07-08 12:25:06 INF] Microsoft.AspNetCore.Mvc.Infrastructure.ControllerActionInvoker Executing action method GymAffiliate.Api.Controllers.MembresiasController.CambiarPlan (GymAffiliate.Api) - Validation state: "Valid"
[2026-07-08 12:25:06 INF] GymAffiliate.Infrastructure.Persistence.Repositories.MembresiaRepository CambiarPlan MembershipId=0
[2026-07-08 12:25:06 INF] Microsoft.AspNetCore.Mvc.Infrastructure.ControllerActionInvoker Executed action method GymAffiliate.Api.Controllers.MembresiasController.CambiarPlan (GymAffiliate.Api), returned result Microsoft.AspNetCore.Mvc.OkObjectResult in 23.8113ms.
[2026-07-08 12:25:06 INF] Microsoft.AspNetCore.Mvc.Infrastructure.ObjectResultExecutor Executing OkObjectResult, writing value of type 'GymAffiliate.Shared.Result.ApiResponse`1[[GymAffiliate.Application.DTOs.Responses.MembresiaResponse, GymAffiliate.Application, Version=1.0.0.0, Culture=neutral, PublicKeyToken=null]]'.
[2026-07-08 12:25:06 INF] Microsoft.AspNetCore.Mvc.Infrastructure.ControllerActionInvoker Executed action GymAffiliate.Api.Controllers.MembresiasController.CambiarPlan (GymAffiliate.Api) in 92.1612ms
[2026-07-08 12:25:06 INF] Microsoft.AspNetCore.Routing.EndpointMiddleware Executed endpoint 'GymAffiliate.Api.Controllers.MembresiasController.CambiarPlan (GymAffiliate.Api)'
[2026-07-08 12:25:06 INF] Serilog.AspNetCore.RequestLoggingMiddleware HTTP PUT /api/membresias/cambiar-plan → 200 (112.3ms)
[2026-07-08 12:25:06 INF] Microsoft.AspNetCore.Hosting.Diagnostics Request finished HTTP/2 PUT https://localhost:7001/api/membresias/cambiar-plan - 200 null application/json; charset=utf-8 131.6881ms
[2026-07-08 12:29:44 INF] Microsoft.AspNetCore.Hosting.Diagnostics Request starting HTTP/2 POST https://localhost:7001/api/pagos/registrar - application/json 133
[2026-07-08 12:29:44 INF] Microsoft.AspNetCore.Cors.Infrastructure.CorsService CORS policy execution successful.
[2026-07-08 12:29:44 INF] Microsoft.AspNetCore.Routing.EndpointMiddleware Executing endpoint 'GymAffiliate.Api.Controllers.PagosController.Registrar (GymAffiliate.Api)'
[2026-07-08 12:29:44 INF] Microsoft.AspNetCore.Mvc.Infrastructure.ControllerActionInvoker Route matched with {action = "Registrar", controller = "Pagos"}. Executing controller action with signature System.Threading.Tasks.Task`1[Microsoft.AspNetCore.Mvc.IActionResult] Registrar(GymAffiliate.Application.DTOs.Requests.RegistrarPagoRequest, System.Threading.CancellationToken) on controller GymAffiliate.Api.Controllers.PagosController (GymAffiliate.Api).
[2026-07-08 12:29:44 INF] Microsoft.AspNetCore.Mvc.Infrastructure.ControllerActionInvoker Executing action method GymAffiliate.Api.Controllers.PagosController.Registrar (GymAffiliate.Api) - Validation state: "Valid"
[2026-07-08 12:29:45 INF] GymAffiliate.Infrastructure.Persistence.Repositories.PagoRepository Pago registrado Id=0 Comprobante=
[2026-07-08 12:29:45 INF] Microsoft.AspNetCore.Mvc.Infrastructure.ControllerActionInvoker Executed action method GymAffiliate.Api.Controllers.PagosController.Registrar (GymAffiliate.Api), returned result Microsoft.AspNetCore.Mvc.OkObjectResult in 188.367ms.
[2026-07-08 12:29:45 INF] Microsoft.AspNetCore.Mvc.Infrastructure.ObjectResultExecutor Executing OkObjectResult, writing value of type 'GymAffiliate.Shared.Result.ApiResponse`1[[GymAffiliate.Application.DTOs.Responses.RegistrarPagoResponse, GymAffiliate.Application, Version=1.0.0.0, Culture=neutral, PublicKeyToken=null]]'.
[2026-07-08 12:29:45 INF] Microsoft.AspNetCore.Mvc.Infrastructure.ControllerActionInvoker Executed action GymAffiliate.Api.Controllers.PagosController.Registrar (GymAffiliate.Api) in 328.7129ms
[2026-07-08 12:29:45 INF] Microsoft.AspNetCore.Routing.EndpointMiddleware Executed endpoint 'GymAffiliate.Api.Controllers.PagosController.Registrar (GymAffiliate.Api)'
[2026-07-08 12:29:45 INF] Serilog.AspNetCore.RequestLoggingMiddleware HTTP POST /api/pagos/registrar → 200 (366.3ms)
[2026-07-08 12:29:45 INF] Microsoft.AspNetCore.Hosting.Diagnostics Request finished HTTP/2 POST https://localhost:7001/api/pagos/registrar - 200 null application/json; charset=utf-8 418.3152ms
[2026-07-08 12:30:02 INF] Microsoft.AspNetCore.Hosting.Diagnostics Request starting HTTP/2 GET https://localhost:7001/api/pagos/historial/1 - null null
[2026-07-08 12:30:02 INF] Microsoft.AspNetCore.Routing.EndpointMiddleware Executing endpoint 'GymAffiliate.Api.Controllers.PagosController.Historial (GymAffiliate.Api)'
[2026-07-08 12:30:02 INF] Microsoft.AspNetCore.Mvc.Infrastructure.ControllerActionInvoker Route matched with {action = "Historial", controller = "Pagos"}. Executing controller action with signature System.Threading.Tasks.Task`1[Microsoft.AspNetCore.Mvc.IActionResult] Historial(Int32, System.Nullable`1[System.DateOnly], System.Nullable`1[System.DateOnly], System.Nullable`1[System.Int32], System.Threading.CancellationToken) on controller GymAffiliate.Api.Controllers.PagosController (GymAffiliate.Api).
[2026-07-08 12:30:02 INF] Microsoft.AspNetCore.Mvc.Infrastructure.ControllerActionInvoker Executing action method GymAffiliate.Api.Controllers.PagosController.Historial (GymAffiliate.Api) - Validation state: "Valid"
[2026-07-08 12:30:02 INF] Microsoft.AspNetCore.Mvc.Infrastructure.ControllerActionInvoker Executed action method GymAffiliate.Api.Controllers.PagosController.Historial (GymAffiliate.Api), returned result Microsoft.AspNetCore.Mvc.OkObjectResult in 131.0804ms.
[2026-07-08 12:30:02 INF] Microsoft.AspNetCore.Mvc.Infrastructure.ObjectResultExecutor Executing OkObjectResult, writing value of type 'GymAffiliate.Shared.Result.ApiResponse`1[[System.Collections.Generic.IEnumerable`1[[GymAffiliate.Application.DTOs.Responses.PagoResponse, GymAffiliate.Application, Version=1.0.0.0, Culture=neutral, PublicKeyToken=null]], System.Private.CoreLib, Version=8.0.0.0, Culture=neutral, PublicKeyToken=7cec85d7bea7798e]]'.
[2026-07-08 12:30:03 INF] Microsoft.AspNetCore.Mvc.Infrastructure.ControllerActionInvoker Executed action GymAffiliate.Api.Controllers.PagosController.Historial (GymAffiliate.Api) in 181.7133ms
[2026-07-08 12:30:03 INF] Microsoft.AspNetCore.Routing.EndpointMiddleware Executed endpoint 'GymAffiliate.Api.Controllers.PagosController.Historial (GymAffiliate.Api)'
[2026-07-08 12:30:03 INF] Serilog.AspNetCore.RequestLoggingMiddleware HTTP GET /api/pagos/historial/1 → 200 (222.7ms)
[2026-07-08 12:30:03 INF] Microsoft.AspNetCore.Hosting.Diagnostics Request finished HTTP/2 GET https://localhost:7001/api/pagos/historial/1 - 200 null application/json; charset=utf-8 236.8163ms
[2026-07-08 12:30:11 INF] Microsoft.AspNetCore.Hosting.Diagnostics Request starting HTTP/2 GET https://localhost:7001/api/pagos/historial/12 - null null
[2026-07-08 12:30:11 INF] Microsoft.AspNetCore.Routing.EndpointMiddleware Executing endpoint 'GymAffiliate.Api.Controllers.PagosController.Historial (GymAffiliate.Api)'
[2026-07-08 12:30:11 INF] Microsoft.AspNetCore.Mvc.Infrastructure.ControllerActionInvoker Route matched with {action = "Historial", controller = "Pagos"}. Executing controller action with signature System.Threading.Tasks.Task`1[Microsoft.AspNetCore.Mvc.IActionResult] Historial(Int32, System.Nullable`1[System.DateOnly], System.Nullable`1[System.DateOnly], System.Nullable`1[System.Int32], System.Threading.CancellationToken) on controller GymAffiliate.Api.Controllers.PagosController (GymAffiliate.Api).
[2026-07-08 12:30:11 INF] Microsoft.AspNetCore.Mvc.Infrastructure.ControllerActionInvoker Executing action method GymAffiliate.Api.Controllers.PagosController.Historial (GymAffiliate.Api) - Validation state: "Valid"
[2026-07-08 12:30:11 INF] Microsoft.AspNetCore.Mvc.Infrastructure.ControllerActionInvoker Executed action method GymAffiliate.Api.Controllers.PagosController.Historial (GymAffiliate.Api), returned result Microsoft.AspNetCore.Mvc.OkObjectResult in 9.9986ms.
[2026-07-08 12:30:11 INF] Microsoft.AspNetCore.Mvc.Infrastructure.ObjectResultExecutor Executing OkObjectResult, writing value of type 'GymAffiliate.Shared.Result.ApiResponse`1[[System.Collections.Generic.IEnumerable`1[[GymAffiliate.Application.DTOs.Responses.PagoResponse, GymAffiliate.Application, Version=1.0.0.0, Culture=neutral, PublicKeyToken=null]], System.Private.CoreLib, Version=8.0.0.0, Culture=neutral, PublicKeyToken=7cec85d7bea7798e]]'.
[2026-07-08 12:30:11 INF] Microsoft.AspNetCore.Mvc.Infrastructure.ControllerActionInvoker Executed action GymAffiliate.Api.Controllers.PagosController.Historial (GymAffiliate.Api) in 86.4674ms
[2026-07-08 12:30:11 INF] Microsoft.AspNetCore.Routing.EndpointMiddleware Executed endpoint 'GymAffiliate.Api.Controllers.PagosController.Historial (GymAffiliate.Api)'
[2026-07-08 12:30:11 INF] Serilog.AspNetCore.RequestLoggingMiddleware HTTP GET /api/pagos/historial/12 → 200 (108.8ms)
[2026-07-08 12:30:11 INF] Microsoft.AspNetCore.Hosting.Diagnostics Request finished HTTP/2 GET https://localhost:7001/api/pagos/historial/12 - 200 null application/json; charset=utf-8 125.4606ms
[2026-07-08 12:30:31 INF] Microsoft.AspNetCore.Hosting.Diagnostics Request starting HTTP/2 POST https://localhost:7001/api/pagos/registrar - application/json 134
[2026-07-08 12:30:31 INF] Microsoft.AspNetCore.Cors.Infrastructure.CorsService CORS policy execution successful.
[2026-07-08 12:30:31 INF] Microsoft.AspNetCore.Routing.EndpointMiddleware Executing endpoint 'GymAffiliate.Api.Controllers.PagosController.Registrar (GymAffiliate.Api)'
[2026-07-08 12:30:31 INF] Microsoft.AspNetCore.Mvc.Infrastructure.ControllerActionInvoker Route matched with {action = "Registrar", controller = "Pagos"}. Executing controller action with signature System.Threading.Tasks.Task`1[Microsoft.AspNetCore.Mvc.IActionResult] Registrar(GymAffiliate.Application.DTOs.Requests.RegistrarPagoRequest, System.Threading.CancellationToken) on controller GymAffiliate.Api.Controllers.PagosController (GymAffiliate.Api).
[2026-07-08 12:30:31 INF] Microsoft.AspNetCore.Mvc.Infrastructure.ControllerActionInvoker Executing action method GymAffiliate.Api.Controllers.PagosController.Registrar (GymAffiliate.Api) - Validation state: "Valid"
[2026-07-08 12:30:31 INF] Microsoft.AspNetCore.Mvc.Infrastructure.ControllerActionInvoker Executed action method GymAffiliate.Api.Controllers.PagosController.Registrar (GymAffiliate.Api), returned result Microsoft.AspNetCore.Mvc.ObjectResult in 14.3536ms.
[2026-07-08 12:30:31 INF] Microsoft.AspNetCore.Mvc.Infrastructure.ObjectResultExecutor Executing ObjectResult, writing value of type 'GymAffiliate.Shared.Result.ApiResponse`1[[GymAffiliate.Application.DTOs.Responses.RegistrarPagoResponse, GymAffiliate.Application, Version=1.0.0.0, Culture=neutral, PublicKeyToken=null]]'.
[2026-07-08 12:30:31 INF] Microsoft.AspNetCore.Mvc.Infrastructure.ControllerActionInvoker Executed action GymAffiliate.Api.Controllers.PagosController.Registrar (GymAffiliate.Api) in 87.8581ms
[2026-07-08 12:30:31 INF] Microsoft.AspNetCore.Routing.EndpointMiddleware Executed endpoint 'GymAffiliate.Api.Controllers.PagosController.Registrar (GymAffiliate.Api)'
[2026-07-08 12:30:31 INF] Serilog.AspNetCore.RequestLoggingMiddleware HTTP POST /api/pagos/registrar → 409 (127.1ms)
[2026-07-08 12:30:31 INF] Microsoft.AspNetCore.Hosting.Diagnostics Request finished HTTP/2 POST https://localhost:7001/api/pagos/registrar - 409 null application/json; charset=utf-8 186.9438ms
[2026-07-08 12:30:51 INF] Microsoft.AspNetCore.Hosting.Diagnostics Request starting HTTP/2 POST https://localhost:7001/api/pagos/registrar - application/json 136
[2026-07-08 12:30:51 INF] Microsoft.AspNetCore.Cors.Infrastructure.CorsService CORS policy execution successful.
[2026-07-08 12:30:51 INF] Microsoft.AspNetCore.Routing.EndpointMiddleware Executing endpoint 'GymAffiliate.Api.Controllers.PagosController.Registrar (GymAffiliate.Api)'
[2026-07-08 12:30:51 INF] Microsoft.AspNetCore.Mvc.Infrastructure.ControllerActionInvoker Route matched with {action = "Registrar", controller = "Pagos"}. Executing controller action with signature System.Threading.Tasks.Task`1[Microsoft.AspNetCore.Mvc.IActionResult] Registrar(GymAffiliate.Application.DTOs.Requests.RegistrarPagoRequest, System.Threading.CancellationToken) on controller GymAffiliate.Api.Controllers.PagosController (GymAffiliate.Api).
[2026-07-08 12:30:51 INF] Microsoft.AspNetCore.Mvc.Infrastructure.ControllerActionInvoker Executing action method GymAffiliate.Api.Controllers.PagosController.Registrar (GymAffiliate.Api) - Validation state: "Valid"
[2026-07-08 12:30:51 INF] GymAffiliate.Infrastructure.Persistence.Repositories.PagoRepository Pago registrado Id=0 Comprobante=
[2026-07-08 12:30:51 INF] Microsoft.AspNetCore.Mvc.Infrastructure.ControllerActionInvoker Executed action method GymAffiliate.Api.Controllers.PagosController.Registrar (GymAffiliate.Api), returned result Microsoft.AspNetCore.Mvc.OkObjectResult in 84.4014ms.
[2026-07-08 12:30:51 INF] Microsoft.AspNetCore.Mvc.Infrastructure.ObjectResultExecutor Executing OkObjectResult, writing value of type 'GymAffiliate.Shared.Result.ApiResponse`1[[GymAffiliate.Application.DTOs.Responses.RegistrarPagoResponse, GymAffiliate.Application, Version=1.0.0.0, Culture=neutral, PublicKeyToken=null]]'.
[2026-07-08 12:30:51 INF] Microsoft.AspNetCore.Mvc.Infrastructure.ControllerActionInvoker Executed action GymAffiliate.Api.Controllers.PagosController.Registrar (GymAffiliate.Api) in 116.2516ms
[2026-07-08 12:30:51 INF] Microsoft.AspNetCore.Routing.EndpointMiddleware Executed endpoint 'GymAffiliate.Api.Controllers.PagosController.Registrar (GymAffiliate.Api)'
[2026-07-08 12:30:51 INF] Serilog.AspNetCore.RequestLoggingMiddleware HTTP POST /api/pagos/registrar → 200 (127.1ms)
[2026-07-08 12:30:51 INF] Microsoft.AspNetCore.Hosting.Diagnostics Request finished HTTP/2 POST https://localhost:7001/api/pagos/registrar - 200 null application/json; charset=utf-8 152.618ms
[2026-07-08 12:31:00 INF] Microsoft.AspNetCore.Hosting.Diagnostics Request starting HTTP/2 GET https://localhost:7001/api/pagos/historial/12 - null null
[2026-07-08 12:31:00 INF] Microsoft.AspNetCore.Routing.EndpointMiddleware Executing endpoint 'GymAffiliate.Api.Controllers.PagosController.Historial (GymAffiliate.Api)'
[2026-07-08 12:31:00 INF] Microsoft.AspNetCore.Mvc.Infrastructure.ControllerActionInvoker Route matched with {action = "Historial", controller = "Pagos"}. Executing controller action with signature System.Threading.Tasks.Task`1[Microsoft.AspNetCore.Mvc.IActionResult] Historial(Int32, System.Nullable`1[System.DateOnly], System.Nullable`1[System.DateOnly], System.Nullable`1[System.Int32], System.Threading.CancellationToken) on controller GymAffiliate.Api.Controllers.PagosController (GymAffiliate.Api).
[2026-07-08 12:31:00 INF] Microsoft.AspNetCore.Mvc.Infrastructure.ControllerActionInvoker Executing action method GymAffiliate.Api.Controllers.PagosController.Historial (GymAffiliate.Api) - Validation state: "Valid"
[2026-07-08 12:31:00 INF] Microsoft.AspNetCore.Mvc.Infrastructure.ControllerActionInvoker Executed action method GymAffiliate.Api.Controllers.PagosController.Historial (GymAffiliate.Api), returned result Microsoft.AspNetCore.Mvc.OkObjectResult in 6.6758ms.
[2026-07-08 12:31:00 INF] Microsoft.AspNetCore.Mvc.Infrastructure.ObjectResultExecutor Executing OkObjectResult, writing value of type 'GymAffiliate.Shared.Result.ApiResponse`1[[System.Collections.Generic.IEnumerable`1[[GymAffiliate.Application.DTOs.Responses.PagoResponse, GymAffiliate.Application, Version=1.0.0.0, Culture=neutral, PublicKeyToken=null]], System.Private.CoreLib, Version=8.0.0.0, Culture=neutral, PublicKeyToken=7cec85d7bea7798e]]'.
[2026-07-08 12:31:00 INF] Microsoft.AspNetCore.Mvc.Infrastructure.ControllerActionInvoker Executed action GymAffiliate.Api.Controllers.PagosController.Historial (GymAffiliate.Api) in 44.3669ms
[2026-07-08 12:31:00 INF] Microsoft.AspNetCore.Routing.EndpointMiddleware Executed endpoint 'GymAffiliate.Api.Controllers.PagosController.Historial (GymAffiliate.Api)'
[2026-07-08 12:31:00 INF] Serilog.AspNetCore.RequestLoggingMiddleware HTTP GET /api/pagos/historial/12 → 200 (55.2ms)
[2026-07-08 12:31:00 INF] Microsoft.AspNetCore.Hosting.Diagnostics Request finished HTTP/2 GET https://localhost:7001/api/pagos/historial/12 - 200 null application/json; charset=utf-8 81.5395ms
[2026-07-08 12:31:16 INF] Microsoft.AspNetCore.Hosting.Diagnostics Request starting HTTP/2 GET https://localhost:7001/api/reportes/ingresos?Year=2026 - null null
[2026-07-08 12:31:16 INF] Microsoft.AspNetCore.Routing.EndpointMiddleware Executing endpoint 'GymAffiliate.Api.Controllers.ReportesController.Ingresos (GymAffiliate.Api)'
[2026-07-08 12:31:16 INF] Microsoft.AspNetCore.Mvc.Infrastructure.ControllerActionInvoker Route matched with {action = "Ingresos", controller = "Reportes"}. Executing controller action with signature System.Threading.Tasks.Task`1[Microsoft.AspNetCore.Mvc.IActionResult] Ingresos(GymAffiliate.Application.DTOs.Requests.ReporteIngresosRequest, System.Threading.CancellationToken) on controller GymAffiliate.Api.Controllers.ReportesController (GymAffiliate.Api).
[2026-07-08 12:31:16 INF] Microsoft.AspNetCore.Mvc.Infrastructure.ControllerActionInvoker Executing action method GymAffiliate.Api.Controllers.ReportesController.Ingresos (GymAffiliate.Api) - Validation state: "Valid"
[2026-07-08 12:31:16 INF] Microsoft.AspNetCore.Mvc.Infrastructure.ControllerActionInvoker Executed action method GymAffiliate.Api.Controllers.ReportesController.Ingresos (GymAffiliate.Api), returned result Microsoft.AspNetCore.Mvc.OkObjectResult in 106.6567ms.
[2026-07-08 12:31:16 INF] Microsoft.AspNetCore.Mvc.Infrastructure.ObjectResultExecutor Executing OkObjectResult, writing value of type 'GymAffiliate.Shared.Result.ApiResponse`1[[System.Collections.Generic.IEnumerable`1[[GymAffiliate.Application.DTOs.Responses.IngresoMensualResponse, GymAffiliate.Application, Version=1.0.0.0, Culture=neutral, PublicKeyToken=null]], System.Private.CoreLib, Version=8.0.0.0, Culture=neutral, PublicKeyToken=7cec85d7bea7798e]]'.
[2026-07-08 12:31:16 INF] Microsoft.AspNetCore.Mvc.Infrastructure.ControllerActionInvoker Executed action GymAffiliate.Api.Controllers.ReportesController.Ingresos (GymAffiliate.Api) in 154.1395ms
[2026-07-08 12:31:16 INF] Microsoft.AspNetCore.Routing.EndpointMiddleware Executed endpoint 'GymAffiliate.Api.Controllers.ReportesController.Ingresos (GymAffiliate.Api)'
[2026-07-08 12:31:16 INF] Serilog.AspNetCore.RequestLoggingMiddleware HTTP GET /api/reportes/ingresos → 200 (176.1ms)
[2026-07-08 12:31:16 INF] Microsoft.AspNetCore.Hosting.Diagnostics Request finished HTTP/2 GET https://localhost:7001/api/reportes/ingresos?Year=2026 - 200 null application/json; charset=utf-8 186.048ms
[2026-07-08 12:31:30 INF] Microsoft.AspNetCore.Hosting.Diagnostics Request starting HTTP/2 GET https://localhost:7001/api/reportes/afiliados-activos?branchId=1 - null null
[2026-07-08 12:31:30 INF] Microsoft.AspNetCore.Routing.EndpointMiddleware Executing endpoint 'GymAffiliate.Api.Controllers.ReportesController.AfiliadosActivos (GymAffiliate.Api)'
[2026-07-08 12:31:30 INF] Microsoft.AspNetCore.Mvc.Infrastructure.ControllerActionInvoker Route matched with {action = "AfiliadosActivos", controller = "Reportes"}. Executing controller action with signature System.Threading.Tasks.Task`1[Microsoft.AspNetCore.Mvc.IActionResult] AfiliadosActivos(System.Nullable`1[System.Int32], System.Threading.CancellationToken) on controller GymAffiliate.Api.Controllers.ReportesController (GymAffiliate.Api).
[2026-07-08 12:31:30 INF] Microsoft.AspNetCore.Mvc.Infrastructure.ControllerActionInvoker Executing action method GymAffiliate.Api.Controllers.ReportesController.AfiliadosActivos (GymAffiliate.Api) - Validation state: "Valid"
[2026-07-08 12:31:30 INF] Microsoft.AspNetCore.Mvc.Infrastructure.ControllerActionInvoker Executed action method GymAffiliate.Api.Controllers.ReportesController.AfiliadosActivos (GymAffiliate.Api), returned result Microsoft.AspNetCore.Mvc.OkObjectResult in 24.8272ms.
[2026-07-08 12:31:30 INF] Microsoft.AspNetCore.Mvc.Infrastructure.ObjectResultExecutor Executing OkObjectResult, writing value of type 'GymAffiliate.Shared.Result.ApiResponse`1[[System.Collections.Generic.IEnumerable`1[[GymAffiliate.Application.DTOs.Responses.AfiliadoEstadoResponse, GymAffiliate.Application, Version=1.0.0.0, Culture=neutral, PublicKeyToken=null]], System.Private.CoreLib, Version=8.0.0.0, Culture=neutral, PublicKeyToken=7cec85d7bea7798e]]'.
[2026-07-08 12:31:30 INF] Microsoft.AspNetCore.Mvc.Infrastructure.ControllerActionInvoker Executed action GymAffiliate.Api.Controllers.ReportesController.AfiliadosActivos (GymAffiliate.Api) in 71.5609ms
[2026-07-08 12:31:30 INF] Microsoft.AspNetCore.Routing.EndpointMiddleware Executed endpoint 'GymAffiliate.Api.Controllers.ReportesController.AfiliadosActivos (GymAffiliate.Api)'
[2026-07-08 12:31:30 INF] Serilog.AspNetCore.RequestLoggingMiddleware HTTP GET /api/reportes/afiliados-activos → 200 (93.1ms)
[2026-07-08 12:31:30 INF] Microsoft.AspNetCore.Hosting.Diagnostics Request finished HTTP/2 GET https://localhost:7001/api/reportes/afiliados-activos?branchId=1 - 200 null application/json; charset=utf-8 106.1516ms
[2026-07-08 12:43:14 INF]  GymAffiliate API lista. Swagger: https://localhost:xxxx/
[2026-07-08 12:43:14 INF] Microsoft.AspNetCore.DataProtection.KeyManagement.XmlKeyManager User profile is available. Using 'C:\Users\Miguel Angel\AppData\Local\ASP.NET\DataProtection-Keys' as key repository and Windows DPAPI to encrypt keys at rest.
[2026-07-08 12:43:14 INF] Microsoft.Hosting.Lifetime Now listening on: https://localhost:7001
[2026-07-08 12:43:14 INF] Microsoft.Hosting.Lifetime Now listening on: http://localhost:5001
[2026-07-08 12:43:15 INF] Microsoft.Hosting.Lifetime Application started. Press Ctrl+C to shut down.
[2026-07-08 12:43:15 INF] Microsoft.Hosting.Lifetime Hosting environment: Development
[2026-07-08 12:43:15 INF] Microsoft.Hosting.Lifetime Content root path: C:\Users\Miguel Angel\Documents\DesarrollosC#\GymAffiliate_API\GymAffiliate\src\Api
[2026-07-08 12:43:16 INF] Microsoft.AspNetCore.Hosting.Diagnostics Request starting HTTP/2 GET https://localhost:7001/index.html - null null
[2026-07-08 12:43:16 INF] Microsoft.AspNetCore.Hosting.Diagnostics Request finished HTTP/2 GET https://localhost:7001/index.html - 200 null text/html;charset=utf-8 399.5207ms
[2026-07-08 12:43:16 INF] Microsoft.AspNetCore.Hosting.Diagnostics Request starting HTTP/2 GET https://localhost:7001/_framework/aspnetcore-browser-refresh.js - null null
[2026-07-08 12:43:16 INF] Microsoft.AspNetCore.Hosting.Diagnostics Request starting HTTP/2 GET https://localhost:7001/_vs/browserLink - null null
[2026-07-08 12:43:16 INF] Microsoft.AspNetCore.Hosting.Diagnostics Request finished HTTP/2 GET https://localhost:7001/_framework/aspnetcore-browser-refresh.js - 200 16517 application/javascript; charset=utf-8 31.8512ms
[2026-07-08 12:43:16 INF] Microsoft.AspNetCore.Hosting.Diagnostics Request finished HTTP/2 GET https://localhost:7001/_vs/browserLink - 200 null text/javascript; charset=UTF-8 132.4758ms
[2026-07-08 12:43:17 INF] Microsoft.AspNetCore.Hosting.Diagnostics Request starting HTTP/2 GET https://localhost:7001/swagger/v1/swagger.json - null null
[2026-07-08 12:43:17 INF] Microsoft.AspNetCore.Hosting.Diagnostics Request finished HTTP/2 GET https://localhost:7001/swagger/v1/swagger.json - 200 null application/json;charset=utf-8 43.3435ms
[2026-07-08 12:44:03 INF] Microsoft.AspNetCore.Hosting.Diagnostics Request starting HTTP/2 POST https://localhost:7001/api/acceso/registrar-ingreso - application/json 40
[2026-07-08 12:44:03 INF] Microsoft.AspNetCore.Cors.Infrastructure.CorsService CORS policy execution successful.
[2026-07-08 12:44:03 INF] Microsoft.AspNetCore.Routing.EndpointMiddleware Executing endpoint 'GymAffiliate.Api.Controllers.AccesoController.RegistrarIngreso (GymAffiliate.Api)'
[2026-07-08 12:44:03 INF] Microsoft.AspNetCore.Mvc.Infrastructure.ControllerActionInvoker Route matched with {action = "RegistrarIngreso", controller = "Acceso"}. Executing controller action with signature System.Threading.Tasks.Task`1[Microsoft.AspNetCore.Mvc.IActionResult] RegistrarIngreso(GymAffiliate.Application.DTOs.Requests.RegistrarIngresoRequest, System.Threading.CancellationToken) on controller GymAffiliate.Api.Controllers.AccesoController (GymAffiliate.Api).
[2026-07-08 12:44:04 WRN] LuckyPennySoftware.AutoMapper.License You do not have a valid license key for the Lucky Penny software AutoMapper. This is allowed for development and testing scenarios. If you are running in production you are required to have a licensed version. Please visit https://luckypennysoftware.com to obtain a valid license.
[2026-07-08 12:44:04 INF] Microsoft.AspNetCore.Mvc.Infrastructure.ControllerActionInvoker Executing action method GymAffiliate.Api.Controllers.AccesoController.RegistrarIngreso (GymAffiliate.Api) - Validation state: "Valid"
[2026-07-08 12:44:30 ERR] GymAffiliate.Infrastructure.Persistence.Dapper.Context.DapperContext SqlException al ejecutar operación. Number=-1 Severity=20 State=0
Microsoft.Data.SqlClient.SqlException (0x80131904): Error relacionado con la red o específico de la instancia mientras se establecía una conexión con el servidor SQL Server. No se encontró el servidor o éste no estaba accesible. Compruebe que el nombre de la instancia es correcto y que SQL Server está configurado para admitir conexiones remotas. (provider: Interfaces de red SQL, error: 26 - Error al buscar el servidor/instancia especificado)
   at Microsoft.Data.SqlClient.Connection.SqlConnectionInternal.OnError(SqlException exception, Boolean breakConnection, Action`1 wrapCloseInAction)
   at Microsoft.Data.SqlClient.TdsParser.ThrowExceptionAndWarning(TdsParserStateObject stateObj, SqlCommand command, Boolean callerHasConnectionLock, Boolean asyncClose)
   at Microsoft.Data.SqlClient.TdsParser.Connect(ServerInfo serverInfo, SqlConnectionInternal connHandler, TimeoutTimer timeout, SqlConnectionString connectionOptions, Boolean withFailover)
   at Microsoft.Data.SqlClient.Connection.SqlConnectionInternal.AttemptOneLogin(ServerInfo serverInfo, String newPassword, SecureString newSecurePassword, TimeoutTimer timeout, Boolean withFailover)
   at Microsoft.Data.SqlClient.Connection.SqlConnectionInternal.LoginNoFailover(ServerInfo serverInfo, String newPassword, SecureString newSecurePassword, Boolean redirectedUserInstance, SqlConnectionString connectionOptions, SqlCredential credential, TimeoutTimer timeout)
   at Microsoft.Data.SqlClient.Connection.SqlConnectionInternal.OpenLoginEnlist(TimeoutTimer timeout, SqlConnectionString connectionOptions, SqlCredential credential, String newPassword, SecureString newSecurePassword, Boolean redirectedUserInstance)
   at Microsoft.Data.SqlClient.Connection.SqlConnectionInternal..ctor(DbConnectionPoolIdentity identity, SqlConnectionString connectionOptions, SqlCredential credential, DbConnectionPoolGroupProviderInfo providerInfo, String newPassword, SecureString newSecurePassword, Boolean redirectedUserInstance, SqlConnectionString userConnectionOptions, SessionData reconnectSessionData, Boolean applyTransientFaultHandling, String accessToken, IDbConnectionPool pool, Func`3 accessTokenCallback, SspiContextProvider sspiContextProvider)
   at Microsoft.Data.SqlClient.SqlConnectionFactory.CreateConnection(DbConnectionOptions options, DbConnectionPoolKey poolKey, DbConnectionPoolGroupProviderInfo poolGroupProviderInfo, IDbConnectionPool pool, DbConnection owningConnection, DbConnectionOptions userOptions)
   at Microsoft.Data.SqlClient.SqlConnectionFactory.CreatePooledConnection(DbConnection owningConnection, IDbConnectionPool pool, DbConnectionPoolKey poolKey, DbConnectionOptions options, DbConnectionOptions userOptions)
   at Microsoft.Data.SqlClient.ConnectionPool.WaitHandleDbConnectionPool.CreateObject(DbConnection owningObject, DbConnectionOptions userOptions, DbConnectionInternal oldConnection)
   at Microsoft.Data.SqlClient.ConnectionPool.WaitHandleDbConnectionPool.UserCreateRequest(DbConnection owningObject, DbConnectionOptions userOptions, DbConnectionInternal oldConnection)
   at Microsoft.Data.SqlClient.ConnectionPool.WaitHandleDbConnectionPool.TryGetConnection(DbConnection owningObject, UInt32 waitForMultipleObjectsTimeout, Boolean allowCreate, Boolean onlyOneCheckConnection, DbConnectionOptions userOptions, DbConnectionInternal& connection)
   at Microsoft.Data.SqlClient.ConnectionPool.WaitHandleDbConnectionPool.WaitForPendingOpen()
--- End of stack trace from previous location ---
   at GymAffiliate.Infrastructure.Persistence.Dapper.Context.DapperContext.ExecuteAsync[T](Func`2 operation, CancellationToken ct) in C:\Users\Miguel Angel\Documents\DesarrollosC#\GymAffiliate_API\GymAffiliate\src\Infrastructure\Persistence\Dapper\Context\DapperContext.cs:line 64
ClientConnectionId:00000000-0000-0000-0000-000000000000
Error Number:-1,State:0,Class:20
[2026-07-08 12:44:31 INF] Microsoft.AspNetCore.Mvc.Infrastructure.ControllerActionInvoker Executed action GymAffiliate.Api.Controllers.AccesoController.RegistrarIngreso (GymAffiliate.Api) in 27419.6933ms
[2026-07-08 12:44:31 INF] Microsoft.AspNetCore.Routing.EndpointMiddleware Executed endpoint 'GymAffiliate.Api.Controllers.AccesoController.RegistrarIngreso (GymAffiliate.Api)'
[2026-07-08 12:44:31 ERR] Serilog.AspNetCore.RequestLoggingMiddleware HTTP POST /api/acceso/registrar-ingreso → 500 (27752.1ms)
Microsoft.Data.SqlClient.SqlException (0x80131904): Error relacionado con la red o específico de la instancia mientras se establecía una conexión con el servidor SQL Server. No se encontró el servidor o éste no estaba accesible. Compruebe que el nombre de la instancia es correcto y que SQL Server está configurado para admitir conexiones remotas. (provider: Interfaces de red SQL, error: 26 - Error al buscar el servidor/instancia especificado)
   at Microsoft.Data.SqlClient.Connection.SqlConnectionInternal.OnError(SqlException exception, Boolean breakConnection, Action`1 wrapCloseInAction)
   at Microsoft.Data.SqlClient.TdsParser.ThrowExceptionAndWarning(TdsParserStateObject stateObj, SqlCommand command, Boolean callerHasConnectionLock, Boolean asyncClose)
   at Microsoft.Data.SqlClient.TdsParser.Connect(ServerInfo serverInfo, SqlConnectionInternal connHandler, TimeoutTimer timeout, SqlConnectionString connectionOptions, Boolean withFailover)
   at Microsoft.Data.SqlClient.Connection.SqlConnectionInternal.AttemptOneLogin(ServerInfo serverInfo, String newPassword, SecureString newSecurePassword, TimeoutTimer timeout, Boolean withFailover)
   at Microsoft.Data.SqlClient.Connection.SqlConnectionInternal.LoginNoFailover(ServerInfo serverInfo, String newPassword, SecureString newSecurePassword, Boolean redirectedUserInstance, SqlConnectionString connectionOptions, SqlCredential credential, TimeoutTimer timeout)
   at Microsoft.Data.SqlClient.Connection.SqlConnectionInternal.OpenLoginEnlist(TimeoutTimer timeout, SqlConnectionString connectionOptions, SqlCredential credential, String newPassword, SecureString newSecurePassword, Boolean redirectedUserInstance)
   at Microsoft.Data.SqlClient.Connection.SqlConnectionInternal..ctor(DbConnectionPoolIdentity identity, SqlConnectionString connectionOptions, SqlCredential credential, DbConnectionPoolGroupProviderInfo providerInfo, String newPassword, SecureString newSecurePassword, Boolean redirectedUserInstance, SqlConnectionString userConnectionOptions, SessionData reconnectSessionData, Boolean applyTransientFaultHandling, String accessToken, IDbConnectionPool pool, Func`3 accessTokenCallback, SspiContextProvider sspiContextProvider)
   at Microsoft.Data.SqlClient.SqlConnectionFactory.CreateConnection(DbConnectionOptions options, DbConnectionPoolKey poolKey, DbConnectionPoolGroupProviderInfo poolGroupProviderInfo, IDbConnectionPool pool, DbConnection owningConnection, DbConnectionOptions userOptions)
   at Microsoft.Data.SqlClient.SqlConnectionFactory.CreatePooledConnection(DbConnection owningConnection, IDbConnectionPool pool, DbConnectionPoolKey poolKey, DbConnectionOptions options, DbConnectionOptions userOptions)
   at Microsoft.Data.SqlClient.ConnectionPool.WaitHandleDbConnectionPool.CreateObject(DbConnection owningObject, DbConnectionOptions userOptions, DbConnectionInternal oldConnection)
   at Microsoft.Data.SqlClient.ConnectionPool.WaitHandleDbConnectionPool.UserCreateRequest(DbConnection owningObject, DbConnectionOptions userOptions, DbConnectionInternal oldConnection)
   at Microsoft.Data.SqlClient.ConnectionPool.WaitHandleDbConnectionPool.TryGetConnection(DbConnection owningObject, UInt32 waitForMultipleObjectsTimeout, Boolean allowCreate, Boolean onlyOneCheckConnection, DbConnectionOptions userOptions, DbConnectionInternal& connection)
   at Microsoft.Data.SqlClient.ConnectionPool.WaitHandleDbConnectionPool.WaitForPendingOpen()
--- End of stack trace from previous location ---
   at GymAffiliate.Infrastructure.Persistence.Dapper.Context.DapperContext.ExecuteAsync[T](Func`2 operation, CancellationToken ct) in C:\Users\Miguel Angel\Documents\DesarrollosC#\GymAffiliate_API\GymAffiliate\src\Infrastructure\Persistence\Dapper\Context\DapperContext.cs:line 64
   at GymAffiliate.Infrastructure.Persistence.Repositories.AccesoRepository.RegistrarIngresoAsync(Int32 affiliateId, Int32 branchId, Nullable`1 userId, String ip, String session, CancellationToken ct) in C:\Users\Miguel Angel\Documents\DesarrollosC#\GymAffiliate_API\GymAffiliate\src\Infrastructure\Persistence\Repositories\Repositories.cs:line 443
   at GymAffiliate.Application.UseCases.Acceso.RegistrarIngresoHandler.HandleAsync(RegistrarIngresoRequest request, Nullable`1 userId, String ip, String session, CancellationToken ct) in C:\Users\Miguel Angel\Documents\DesarrollosC#\GymAffiliate_API\GymAffiliate\src\Application\UseCases\Acceso.cs:line 39
   at GymAffiliate.Api.Controllers.AccesoController.RegistrarIngreso(RegistrarIngresoRequest request, CancellationToken ct) in C:\Users\Miguel Angel\Documents\DesarrollosC#\GymAffiliate_API\GymAffiliate\src\Api\Controllers\Controllers.cs:line 243
   at Microsoft.AspNetCore.Mvc.Infrastructure.ActionMethodExecutor.TaskOfIActionResultExecutor.Execute(ActionContext actionContext, IActionResultTypeMapper mapper, ObjectMethodExecutor executor, Object controller, Object[] arguments)
   at Microsoft.AspNetCore.Mvc.Infrastructure.ControllerActionInvoker.<InvokeActionMethodAsync>g__Logged|12_1(ControllerActionInvoker invoker)
   at Microsoft.AspNetCore.Mvc.Infrastructure.ControllerActionInvoker.<InvokeNextActionFilterAsync>g__Awaited|10_0(ControllerActionInvoker invoker, Task lastTask, State next, Scope scope, Object state, Boolean isCompleted)
   at Microsoft.AspNetCore.Mvc.Infrastructure.ControllerActionInvoker.Rethrow(ActionExecutedContextSealed context)
   at Microsoft.AspNetCore.Mvc.Infrastructure.ControllerActionInvoker.Next(State& next, Scope& scope, Object& state, Boolean& isCompleted)
   at Microsoft.AspNetCore.Mvc.Infrastructure.ControllerActionInvoker.<InvokeInnerFilterAsync>g__Awaited|13_0(ControllerActionInvoker invoker, Task lastTask, State next, Scope scope, Object state, Boolean isCompleted)
   at Microsoft.AspNetCore.Mvc.Infrastructure.ResourceInvoker.<InvokeFilterPipelineAsync>g__Awaited|20_0(ResourceInvoker invoker, Task lastTask, State next, Scope scope, Object state, Boolean isCompleted)
   at Microsoft.AspNetCore.Mvc.Infrastructure.ResourceInvoker.<InvokeAsync>g__Logged|17_1(ResourceInvoker invoker)
   at Microsoft.AspNetCore.Mvc.Infrastructure.ResourceInvoker.<InvokeAsync>g__Logged|17_1(ResourceInvoker invoker)
   at Microsoft.AspNetCore.Routing.EndpointMiddleware.<Invoke>g__AwaitRequestTask|7_0(Endpoint endpoint, Task requestTask, ILogger logger)
   at Microsoft.AspNetCore.Authorization.AuthorizationMiddleware.Invoke(HttpContext context)
   at Microsoft.AspNetCore.Authentication.AuthenticationMiddleware.Invoke(HttpContext context)
   at Serilog.AspNetCore.RequestLoggingMiddleware.Invoke(HttpContext httpContext)
ClientConnectionId:00000000-0000-0000-0000-000000000000
Error Number:-1,State:0,Class:20
[2026-07-08 12:44:31 ERR] Microsoft.AspNetCore.Diagnostics.DeveloperExceptionPageMiddleware An unhandled exception has occurred while executing the request.
Microsoft.Data.SqlClient.SqlException (0x80131904): Error relacionado con la red o específico de la instancia mientras se establecía una conexión con el servidor SQL Server. No se encontró el servidor o éste no estaba accesible. Compruebe que el nombre de la instancia es correcto y que SQL Server está configurado para admitir conexiones remotas. (provider: Interfaces de red SQL, error: 26 - Error al buscar el servidor/instancia especificado)
   at Microsoft.Data.SqlClient.Connection.SqlConnectionInternal.OnError(SqlException exception, Boolean breakConnection, Action`1 wrapCloseInAction)
   at Microsoft.Data.SqlClient.TdsParser.ThrowExceptionAndWarning(TdsParserStateObject stateObj, SqlCommand command, Boolean callerHasConnectionLock, Boolean asyncClose)
   at Microsoft.Data.SqlClient.TdsParser.Connect(ServerInfo serverInfo, SqlConnectionInternal connHandler, TimeoutTimer timeout, SqlConnectionString connectionOptions, Boolean withFailover)
   at Microsoft.Data.SqlClient.Connection.SqlConnectionInternal.AttemptOneLogin(ServerInfo serverInfo, String newPassword, SecureString newSecurePassword, TimeoutTimer timeout, Boolean withFailover)
   at Microsoft.Data.SqlClient.Connection.SqlConnectionInternal.LoginNoFailover(ServerInfo serverInfo, String newPassword, SecureString newSecurePassword, Boolean redirectedUserInstance, SqlConnectionString connectionOptions, SqlCredential credential, TimeoutTimer timeout)
   at Microsoft.Data.SqlClient.Connection.SqlConnectionInternal.OpenLoginEnlist(TimeoutTimer timeout, SqlConnectionString connectionOptions, SqlCredential credential, String newPassword, SecureString newSecurePassword, Boolean redirectedUserInstance)
   at Microsoft.Data.SqlClient.Connection.SqlConnectionInternal..ctor(DbConnectionPoolIdentity identity, SqlConnectionString connectionOptions, SqlCredential credential, DbConnectionPoolGroupProviderInfo providerInfo, String newPassword, SecureString newSecurePassword, Boolean redirectedUserInstance, SqlConnectionString userConnectionOptions, SessionData reconnectSessionData, Boolean applyTransientFaultHandling, String accessToken, IDbConnectionPool pool, Func`3 accessTokenCallback, SspiContextProvider sspiContextProvider)
   at Microsoft.Data.SqlClient.SqlConnectionFactory.CreateConnection(DbConnectionOptions options, DbConnectionPoolKey poolKey, DbConnectionPoolGroupProviderInfo poolGroupProviderInfo, IDbConnectionPool pool, DbConnection owningConnection, DbConnectionOptions userOptions)
   at Microsoft.Data.SqlClient.SqlConnectionFactory.CreatePooledConnection(DbConnection owningConnection, IDbConnectionPool pool, DbConnectionPoolKey poolKey, DbConnectionOptions options, DbConnectionOptions userOptions)
   at Microsoft.Data.SqlClient.ConnectionPool.WaitHandleDbConnectionPool.CreateObject(DbConnection owningObject, DbConnectionOptions userOptions, DbConnectionInternal oldConnection)
   at Microsoft.Data.SqlClient.ConnectionPool.WaitHandleDbConnectionPool.UserCreateRequest(DbConnection owningObject, DbConnectionOptions userOptions, DbConnectionInternal oldConnection)
   at Microsoft.Data.SqlClient.ConnectionPool.WaitHandleDbConnectionPool.TryGetConnection(DbConnection owningObject, UInt32 waitForMultipleObjectsTimeout, Boolean allowCreate, Boolean onlyOneCheckConnection, DbConnectionOptions userOptions, DbConnectionInternal& connection)
   at Microsoft.Data.SqlClient.ConnectionPool.WaitHandleDbConnectionPool.WaitForPendingOpen()
--- End of stack trace from previous location ---
   at GymAffiliate.Infrastructure.Persistence.Dapper.Context.DapperContext.ExecuteAsync[T](Func`2 operation, CancellationToken ct) in C:\Users\Miguel Angel\Documents\DesarrollosC#\GymAffiliate_API\GymAffiliate\src\Infrastructure\Persistence\Dapper\Context\DapperContext.cs:line 64
   at GymAffiliate.Infrastructure.Persistence.Repositories.AccesoRepository.RegistrarIngresoAsync(Int32 affiliateId, Int32 branchId, Nullable`1 userId, String ip, String session, CancellationToken ct) in C:\Users\Miguel Angel\Documents\DesarrollosC#\GymAffiliate_API\GymAffiliate\src\Infrastructure\Persistence\Repositories\Repositories.cs:line 443
   at GymAffiliate.Application.UseCases.Acceso.RegistrarIngresoHandler.HandleAsync(RegistrarIngresoRequest request, Nullable`1 userId, String ip, String session, CancellationToken ct) in C:\Users\Miguel Angel\Documents\DesarrollosC#\GymAffiliate_API\GymAffiliate\src\Application\UseCases\Acceso.cs:line 39
   at GymAffiliate.Api.Controllers.AccesoController.RegistrarIngreso(RegistrarIngresoRequest request, CancellationToken ct) in C:\Users\Miguel Angel\Documents\DesarrollosC#\GymAffiliate_API\GymAffiliate\src\Api\Controllers\Controllers.cs:line 243
   at Microsoft.AspNetCore.Mvc.Infrastructure.ActionMethodExecutor.TaskOfIActionResultExecutor.Execute(ActionContext actionContext, IActionResultTypeMapper mapper, ObjectMethodExecutor executor, Object controller, Object[] arguments)
   at Microsoft.AspNetCore.Mvc.Infrastructure.ControllerActionInvoker.<InvokeActionMethodAsync>g__Logged|12_1(ControllerActionInvoker invoker)
   at Microsoft.AspNetCore.Mvc.Infrastructure.ControllerActionInvoker.<InvokeNextActionFilterAsync>g__Awaited|10_0(ControllerActionInvoker invoker, Task lastTask, State next, Scope scope, Object state, Boolean isCompleted)
   at Microsoft.AspNetCore.Mvc.Infrastructure.ControllerActionInvoker.Rethrow(ActionExecutedContextSealed context)
   at Microsoft.AspNetCore.Mvc.Infrastructure.ControllerActionInvoker.Next(State& next, Scope& scope, Object& state, Boolean& isCompleted)
   at Microsoft.AspNetCore.Mvc.Infrastructure.ControllerActionInvoker.<InvokeInnerFilterAsync>g__Awaited|13_0(ControllerActionInvoker invoker, Task lastTask, State next, Scope scope, Object state, Boolean isCompleted)
   at Microsoft.AspNetCore.Mvc.Infrastructure.ResourceInvoker.<InvokeFilterPipelineAsync>g__Awaited|20_0(ResourceInvoker invoker, Task lastTask, State next, Scope scope, Object state, Boolean isCompleted)
   at Microsoft.AspNetCore.Mvc.Infrastructure.ResourceInvoker.<InvokeAsync>g__Logged|17_1(ResourceInvoker invoker)
   at Microsoft.AspNetCore.Mvc.Infrastructure.ResourceInvoker.<InvokeAsync>g__Logged|17_1(ResourceInvoker invoker)
   at Microsoft.AspNetCore.Routing.EndpointMiddleware.<Invoke>g__AwaitRequestTask|7_0(Endpoint endpoint, Task requestTask, ILogger logger)
   at Microsoft.AspNetCore.Authorization.AuthorizationMiddleware.Invoke(HttpContext context)
   at Microsoft.AspNetCore.Authentication.AuthenticationMiddleware.Invoke(HttpContext context)
   at Serilog.AspNetCore.RequestLoggingMiddleware.Invoke(HttpContext httpContext)
   at Swashbuckle.AspNetCore.SwaggerUI.SwaggerUIMiddleware.Invoke(HttpContext httpContext)
   at Swashbuckle.AspNetCore.Swagger.SwaggerMiddleware.Invoke(HttpContext httpContext, ISwaggerProvider swaggerProvider)
   at GymAffiliate.Api.Middleware.JwtBlacklistMiddleware.InvokeAsync(HttpContext ctx, IAuthRepository authRepo) in C:\Users\Miguel Angel\Documents\DesarrollosC#\GymAffiliate_API\GymAffiliate\src\Api\Middleware\JwtBlacklistMiddleware.cs:line 61
   at Microsoft.AspNetCore.Diagnostics.DeveloperExceptionPageMiddlewareImpl.Invoke(HttpContext context)
ClientConnectionId:00000000-0000-0000-0000-000000000000
Error Number:-1,State:0,Class:20
[2026-07-08 12:44:31 INF] Microsoft.AspNetCore.Hosting.Diagnostics Request finished HTTP/2 POST https://localhost:7001/api/acceso/registrar-ingreso - 500 null text/plain; charset=utf-8 28297.9183ms
[2026-07-08 12:45:47 INF]  GymAffiliate API lista. Swagger: https://localhost:xxxx/
[2026-07-08 12:45:47 INF] Microsoft.AspNetCore.DataProtection.KeyManagement.XmlKeyManager User profile is available. Using 'C:\Users\Miguel Angel\AppData\Local\ASP.NET\DataProtection-Keys' as key repository and Windows DPAPI to encrypt keys at rest.
[2026-07-08 12:45:47 INF] Microsoft.Hosting.Lifetime Now listening on: https://localhost:7001
[2026-07-08 12:45:47 INF] Microsoft.Hosting.Lifetime Now listening on: http://localhost:5001
[2026-07-08 12:45:48 INF] Microsoft.Hosting.Lifetime Application started. Press Ctrl+C to shut down.
[2026-07-08 12:45:48 INF] Microsoft.Hosting.Lifetime Hosting environment: Development
[2026-07-08 12:45:48 INF] Microsoft.Hosting.Lifetime Content root path: C:\Users\Miguel Angel\Documents\DesarrollosC#\GymAffiliate_API\GymAffiliate\src\Api
[2026-07-08 12:45:48 INF] Microsoft.AspNetCore.Hosting.Diagnostics Request starting HTTP/2 GET https://localhost:7001/index.html - null null
[2026-07-08 12:45:49 INF] Microsoft.AspNetCore.Hosting.Diagnostics Request finished HTTP/2 GET https://localhost:7001/index.html - 200 null text/html;charset=utf-8 1057.8126ms
[2026-07-08 12:45:49 INF] Microsoft.AspNetCore.Hosting.Diagnostics Request starting HTTP/2 GET https://localhost:7001/_framework/aspnetcore-browser-refresh.js - null null
[2026-07-08 12:45:49 INF] Microsoft.AspNetCore.Hosting.Diagnostics Request starting HTTP/2 GET https://localhost:7001/_vs/browserLink - null null
[2026-07-08 12:45:49 INF] Microsoft.AspNetCore.Hosting.Diagnostics Request finished HTTP/2 GET https://localhost:7001/_framework/aspnetcore-browser-refresh.js - 200 16517 application/javascript; charset=utf-8 36.592ms
[2026-07-08 12:45:50 INF] Microsoft.AspNetCore.Hosting.Diagnostics Request finished HTTP/2 GET https://localhost:7001/_vs/browserLink - 200 null text/javascript; charset=UTF-8 242.313ms
[2026-07-08 12:45:50 INF] Microsoft.AspNetCore.Hosting.Diagnostics Request starting HTTP/2 GET https://localhost:7001/swagger/v1/swagger.json - null null
[2026-07-08 12:45:50 INF] Microsoft.AspNetCore.Hosting.Diagnostics Request finished HTTP/2 GET https://localhost:7001/swagger/v1/swagger.json - 200 null application/json;charset=utf-8 83.1199ms
[2026-07-08 12:45:59 INF] Microsoft.AspNetCore.Hosting.Diagnostics Request starting HTTP/2 POST https://localhost:7001/api/acceso/registrar-ingreso - application/json 40
[2026-07-08 12:45:59 INF] Microsoft.AspNetCore.Cors.Infrastructure.CorsService CORS policy execution successful.
[2026-07-08 12:45:59 INF] Microsoft.AspNetCore.Routing.EndpointMiddleware Executing endpoint 'GymAffiliate.Api.Controllers.AccesoController.RegistrarIngreso (GymAffiliate.Api)'
[2026-07-08 12:45:59 INF] Microsoft.AspNetCore.Mvc.Infrastructure.ControllerActionInvoker Route matched with {action = "RegistrarIngreso", controller = "Acceso"}. Executing controller action with signature System.Threading.Tasks.Task`1[Microsoft.AspNetCore.Mvc.IActionResult] RegistrarIngreso(GymAffiliate.Application.DTOs.Requests.RegistrarIngresoRequest, System.Threading.CancellationToken) on controller GymAffiliate.Api.Controllers.AccesoController (GymAffiliate.Api).
[2026-07-08 12:45:59 WRN] LuckyPennySoftware.AutoMapper.License You do not have a valid license key for the Lucky Penny software AutoMapper. This is allowed for development and testing scenarios. If you are running in production you are required to have a licensed version. Please visit https://luckypennysoftware.com to obtain a valid license.
[2026-07-08 12:46:00 INF] Microsoft.AspNetCore.Mvc.Infrastructure.ControllerActionInvoker Executing action method GymAffiliate.Api.Controllers.AccesoController.RegistrarIngreso (GymAffiliate.Api) - Validation state: "Valid"
[2026-07-08 12:46:04 INF] Microsoft.AspNetCore.Mvc.Infrastructure.ControllerActionInvoker Executed action method GymAffiliate.Api.Controllers.AccesoController.RegistrarIngreso (GymAffiliate.Api), returned result Microsoft.AspNetCore.Mvc.ObjectResult in 4372.9088ms.
[2026-07-08 12:46:04 INF] Microsoft.AspNetCore.Mvc.Infrastructure.ObjectResultExecutor Executing ObjectResult, writing value of type 'GymAffiliate.Shared.Result.ApiResponse`1[[GymAffiliate.Application.DTOs.Responses.CheckInResponse, GymAffiliate.Application, Version=1.0.0.0, Culture=neutral, PublicKeyToken=null]]'.
[2026-07-08 12:46:04 INF] Microsoft.AspNetCore.Mvc.Infrastructure.ControllerActionInvoker Executed action GymAffiliate.Api.Controllers.AccesoController.RegistrarIngreso (GymAffiliate.Api) in 5339.5023ms
[2026-07-08 12:46:04 INF] Microsoft.AspNetCore.Routing.EndpointMiddleware Executed endpoint 'GymAffiliate.Api.Controllers.AccesoController.RegistrarIngreso (GymAffiliate.Api)'
[2026-07-08 12:46:04 INF] Serilog.AspNetCore.RequestLoggingMiddleware HTTP POST /api/acceso/registrar-ingreso → 403 (5647.8ms)
[2026-07-08 12:46:04 INF] Microsoft.AspNetCore.Hosting.Diagnostics Request finished HTTP/2 POST https://localhost:7001/api/acceso/registrar-ingreso - 403 null application/json; charset=utf-8 5778.2785ms
[2026-07-08 12:46:59 INF] Microsoft.AspNetCore.Hosting.Diagnostics Request starting HTTP/2 POST https://localhost:7001/api/acceso/registrar-ingreso - application/json 40
[2026-07-08 12:46:59 INF] Microsoft.AspNetCore.Cors.Infrastructure.CorsService CORS policy execution successful.
[2026-07-08 12:46:59 INF] Microsoft.AspNetCore.Routing.EndpointMiddleware Executing endpoint 'GymAffiliate.Api.Controllers.AccesoController.RegistrarIngreso (GymAffiliate.Api)'
[2026-07-08 12:46:59 INF] Microsoft.AspNetCore.Mvc.Infrastructure.ControllerActionInvoker Route matched with {action = "RegistrarIngreso", controller = "Acceso"}. Executing controller action with signature System.Threading.Tasks.Task`1[Microsoft.AspNetCore.Mvc.IActionResult] RegistrarIngreso(GymAffiliate.Application.DTOs.Requests.RegistrarIngresoRequest, System.Threading.CancellationToken) on controller GymAffiliate.Api.Controllers.AccesoController (GymAffiliate.Api).
[2026-07-08 12:47:00 INF] Microsoft.AspNetCore.Mvc.Infrastructure.ControllerActionInvoker Executing action method GymAffiliate.Api.Controllers.AccesoController.RegistrarIngreso (GymAffiliate.Api) - Validation state: "Valid"
[2026-07-08 12:49:26 INF] Microsoft.AspNetCore.Mvc.Infrastructure.ControllerActionInvoker Executed action method GymAffiliate.Api.Controllers.AccesoController.RegistrarIngreso (GymAffiliate.Api), returned result Microsoft.AspNetCore.Mvc.ObjectResult in 146561.8122ms.
[2026-07-08 12:49:26 INF] Microsoft.AspNetCore.Mvc.Infrastructure.ObjectResultExecutor Executing ObjectResult, writing value of type 'GymAffiliate.Shared.Result.ApiResponse`1[[GymAffiliate.Application.DTOs.Responses.CheckInResponse, GymAffiliate.Application, Version=1.0.0.0, Culture=neutral, PublicKeyToken=null]]'.
[2026-07-08 12:49:26 INF] Microsoft.AspNetCore.Mvc.Infrastructure.ControllerActionInvoker Executed action GymAffiliate.Api.Controllers.AccesoController.RegistrarIngreso (GymAffiliate.Api) in 146728.1408ms
[2026-07-08 12:49:26 INF] Microsoft.AspNetCore.Routing.EndpointMiddleware Executed endpoint 'GymAffiliate.Api.Controllers.AccesoController.RegistrarIngreso (GymAffiliate.Api)'
[2026-07-08 12:49:26 INF] Serilog.AspNetCore.RequestLoggingMiddleware HTTP POST /api/acceso/registrar-ingreso → 403 (146777.4ms)
[2026-07-08 12:49:26 INF] Microsoft.AspNetCore.Hosting.Diagnostics Request finished HTTP/2 POST https://localhost:7001/api/acceso/registrar-ingreso - 403 null application/json; charset=utf-8 146873.7259ms
[2026-07-08 12:49:31 INF] Microsoft.AspNetCore.Hosting.Diagnostics Request starting HTTP/2 POST https://localhost:7001/api/acceso/registrar-ingreso - application/json 40
[2026-07-08 12:49:31 INF] Microsoft.AspNetCore.Cors.Infrastructure.CorsService CORS policy execution successful.
[2026-07-08 12:49:31 INF] Microsoft.AspNetCore.Routing.EndpointMiddleware Executing endpoint 'GymAffiliate.Api.Controllers.AccesoController.RegistrarIngreso (GymAffiliate.Api)'
[2026-07-08 12:49:31 INF] Microsoft.AspNetCore.Mvc.Infrastructure.ControllerActionInvoker Route matched with {action = "RegistrarIngreso", controller = "Acceso"}. Executing controller action with signature System.Threading.Tasks.Task`1[Microsoft.AspNetCore.Mvc.IActionResult] RegistrarIngreso(GymAffiliate.Application.DTOs.Requests.RegistrarIngresoRequest, System.Threading.CancellationToken) on controller GymAffiliate.Api.Controllers.AccesoController (GymAffiliate.Api).
[2026-07-08 12:49:31 INF] Microsoft.AspNetCore.Mvc.Infrastructure.ControllerActionInvoker Executing action method GymAffiliate.Api.Controllers.AccesoController.RegistrarIngreso (GymAffiliate.Api) - Validation state: "Valid"
[2026-07-08 12:52:25 INF] Microsoft.AspNetCore.Mvc.Infrastructure.ControllerActionInvoker Executed action method GymAffiliate.Api.Controllers.AccesoController.RegistrarIngreso (GymAffiliate.Api), returned result Microsoft.AspNetCore.Mvc.ObjectResult in 173938.924ms.
[2026-07-08 12:52:25 INF] Microsoft.AspNetCore.Mvc.Infrastructure.ObjectResultExecutor Executing ObjectResult, writing value of type 'GymAffiliate.Shared.Result.ApiResponse`1[[GymAffiliate.Application.DTOs.Responses.CheckInResponse, GymAffiliate.Application, Version=1.0.0.0, Culture=neutral, PublicKeyToken=null]]'.
[2026-07-08 12:52:25 INF] Microsoft.AspNetCore.Mvc.Infrastructure.ControllerActionInvoker Executed action GymAffiliate.Api.Controllers.AccesoController.RegistrarIngreso (GymAffiliate.Api) in 174021.091ms
[2026-07-08 12:52:25 INF] Microsoft.AspNetCore.Routing.EndpointMiddleware Executed endpoint 'GymAffiliate.Api.Controllers.AccesoController.RegistrarIngreso (GymAffiliate.Api)'
[2026-07-08 12:52:25 INF] Serilog.AspNetCore.RequestLoggingMiddleware HTTP POST /api/acceso/registrar-ingreso → 403 (174051.3ms)
[2026-07-08 12:52:25 INF] Microsoft.AspNetCore.Hosting.Diagnostics Request finished HTTP/2 POST https://localhost:7001/api/acceso/registrar-ingreso - 403 null application/json; charset=utf-8 174083.1021ms
[2026-07-08 12:54:13 INF] Microsoft.AspNetCore.Hosting.Diagnostics Request starting HTTP/2 POST https://localhost:7001/api/acceso/registrar-ingreso - application/json 40
[2026-07-08 12:54:13 INF] Microsoft.AspNetCore.Cors.Infrastructure.CorsService CORS policy execution successful.
[2026-07-08 12:54:13 INF] Microsoft.AspNetCore.Routing.EndpointMiddleware Executing endpoint 'GymAffiliate.Api.Controllers.AccesoController.RegistrarIngreso (GymAffiliate.Api)'
[2026-07-08 12:54:13 INF] Microsoft.AspNetCore.Mvc.Infrastructure.ControllerActionInvoker Route matched with {action = "RegistrarIngreso", controller = "Acceso"}. Executing controller action with signature System.Threading.Tasks.Task`1[Microsoft.AspNetCore.Mvc.IActionResult] RegistrarIngreso(GymAffiliate.Application.DTOs.Requests.RegistrarIngresoRequest, System.Threading.CancellationToken) on controller GymAffiliate.Api.Controllers.AccesoController (GymAffiliate.Api).
[2026-07-08 12:54:13 INF] Microsoft.AspNetCore.Mvc.Infrastructure.ControllerActionInvoker Executing action method GymAffiliate.Api.Controllers.AccesoController.RegistrarIngreso (GymAffiliate.Api) - Validation state: "Valid"
[2026-07-08 12:54:27 INF] Microsoft.AspNetCore.Mvc.Infrastructure.ControllerActionInvoker Executed action method GymAffiliate.Api.Controllers.AccesoController.RegistrarIngreso (GymAffiliate.Api), returned result Microsoft.AspNetCore.Mvc.ObjectResult in 14278.9825ms.
[2026-07-08 12:54:27 INF] Microsoft.AspNetCore.Mvc.Infrastructure.ObjectResultExecutor Executing ObjectResult, writing value of type 'GymAffiliate.Shared.Result.ApiResponse`1[[GymAffiliate.Application.DTOs.Responses.CheckInResponse, GymAffiliate.Application, Version=1.0.0.0, Culture=neutral, PublicKeyToken=null]]'.
[2026-07-08 12:54:27 INF] Microsoft.AspNetCore.Mvc.Infrastructure.ControllerActionInvoker Executed action GymAffiliate.Api.Controllers.AccesoController.RegistrarIngreso (GymAffiliate.Api) in 14359.3228ms
[2026-07-08 12:54:27 INF] Microsoft.AspNetCore.Routing.EndpointMiddleware Executed endpoint 'GymAffiliate.Api.Controllers.AccesoController.RegistrarIngreso (GymAffiliate.Api)'
[2026-07-08 12:54:27 ERR] Serilog.AspNetCore.RequestLoggingMiddleware HTTP POST /api/acceso/registrar-ingreso → 500 (14404.0ms)
[2026-07-08 12:54:27 INF] Microsoft.AspNetCore.Hosting.Diagnostics Request finished HTTP/2 POST https://localhost:7001/api/acceso/registrar-ingreso - 500 null application/json; charset=utf-8 14467.3899ms
[2026-07-08 12:58:27 INF]  GymAffiliate API lista. Swagger: https://localhost:xxxx/
[2026-07-08 12:58:27 INF] Microsoft.AspNetCore.DataProtection.KeyManagement.XmlKeyManager User profile is available. Using 'C:\Users\Miguel Angel\AppData\Local\ASP.NET\DataProtection-Keys' as key repository and Windows DPAPI to encrypt keys at rest.
[2026-07-08 12:58:27 INF] Microsoft.Hosting.Lifetime Now listening on: https://localhost:7001
[2026-07-08 12:58:27 INF] Microsoft.Hosting.Lifetime Now listening on: http://localhost:5001
[2026-07-08 12:58:28 INF] Microsoft.Hosting.Lifetime Application started. Press Ctrl+C to shut down.
[2026-07-08 12:58:28 INF] Microsoft.Hosting.Lifetime Hosting environment: Development
[2026-07-08 12:58:28 INF] Microsoft.Hosting.Lifetime Content root path: C:\Users\Miguel Angel\Documents\DesarrollosC#\GymAffiliate_API\GymAffiliate\src\Api
[2026-07-08 12:58:28 INF] Microsoft.AspNetCore.Hosting.Diagnostics Request starting HTTP/2 GET https://localhost:7001/index.html - null null
[2026-07-08 12:58:29 INF] Microsoft.AspNetCore.Hosting.Diagnostics Request finished HTTP/2 GET https://localhost:7001/index.html - 200 null text/html;charset=utf-8 895.7872ms
[2026-07-08 12:58:29 INF] Microsoft.AspNetCore.Hosting.Diagnostics Request starting HTTP/2 GET https://localhost:7001/_framework/aspnetcore-browser-refresh.js - null null
[2026-07-08 12:58:29 INF] Microsoft.AspNetCore.Hosting.Diagnostics Request starting HTTP/2 GET https://localhost:7001/_vs/browserLink - null null
[2026-07-08 12:58:29 INF] Microsoft.AspNetCore.Hosting.Diagnostics Request finished HTTP/2 GET https://localhost:7001/_framework/aspnetcore-browser-refresh.js - 200 16517 application/javascript; charset=utf-8 37.1801ms
[2026-07-08 12:58:30 INF] Microsoft.AspNetCore.Hosting.Diagnostics Request finished HTTP/2 GET https://localhost:7001/_vs/browserLink - 200 null text/javascript; charset=UTF-8 183.824ms
[2026-07-08 12:58:30 INF] Microsoft.AspNetCore.Hosting.Diagnostics Request starting HTTP/2 GET https://localhost:7001/swagger/v1/swagger.json - null null
[2026-07-08 12:58:30 INF] Microsoft.AspNetCore.Hosting.Diagnostics Request finished HTTP/2 GET https://localhost:7001/swagger/v1/swagger.json - 200 null application/json;charset=utf-8 100.3309ms
[2026-07-08 12:58:50 INF] Microsoft.AspNetCore.Hosting.Diagnostics Request starting HTTP/2 POST https://localhost:7001/api/acceso/registrar-ingreso - application/json 40
[2026-07-08 12:58:50 INF] Microsoft.AspNetCore.Cors.Infrastructure.CorsService CORS policy execution successful.
[2026-07-08 12:58:50 INF] Microsoft.AspNetCore.Routing.EndpointMiddleware Executing endpoint 'GymAffiliate.Api.Controllers.AccesoController.RegistrarIngreso (GymAffiliate.Api)'
[2026-07-08 12:58:50 INF] Microsoft.AspNetCore.Mvc.Infrastructure.ControllerActionInvoker Route matched with {action = "RegistrarIngreso", controller = "Acceso"}. Executing controller action with signature System.Threading.Tasks.Task`1[Microsoft.AspNetCore.Mvc.IActionResult] RegistrarIngreso(GymAffiliate.Application.DTOs.Requests.RegistrarIngresoRequest, System.Threading.CancellationToken) on controller GymAffiliate.Api.Controllers.AccesoController (GymAffiliate.Api).
[2026-07-08 12:58:51 WRN] LuckyPennySoftware.AutoMapper.License You do not have a valid license key for the Lucky Penny software AutoMapper. This is allowed for development and testing scenarios. If you are running in production you are required to have a licensed version. Please visit https://luckypennysoftware.com to obtain a valid license.
[2026-07-08 12:58:51 INF] Microsoft.AspNetCore.Mvc.Infrastructure.ControllerActionInvoker Executing action method GymAffiliate.Api.Controllers.AccesoController.RegistrarIngreso (GymAffiliate.Api) - Validation state: "Valid"
[2026-07-08 13:02:20 INF] Microsoft.AspNetCore.Mvc.Infrastructure.ControllerActionInvoker Executed action method GymAffiliate.Api.Controllers.AccesoController.RegistrarIngreso (GymAffiliate.Api), returned result Microsoft.AspNetCore.Mvc.ObjectResult in 209121.3383ms.
[2026-07-08 13:02:20 INF] Microsoft.AspNetCore.Mvc.Infrastructure.ObjectResultExecutor Executing ObjectResult, writing value of type 'GymAffiliate.Shared.Result.ApiResponse`1[[GymAffiliate.Application.DTOs.Responses.CheckInResponse, GymAffiliate.Application, Version=1.0.0.0, Culture=neutral, PublicKeyToken=null]]'.
[2026-07-08 13:02:20 INF] Microsoft.AspNetCore.Mvc.Infrastructure.ControllerActionInvoker Executed action GymAffiliate.Api.Controllers.AccesoController.RegistrarIngreso (GymAffiliate.Api) in 209889.3601ms
[2026-07-08 13:02:20 INF] Microsoft.AspNetCore.Routing.EndpointMiddleware Executed endpoint 'GymAffiliate.Api.Controllers.AccesoController.RegistrarIngreso (GymAffiliate.Api)'
[2026-07-08 13:02:20 ERR] Serilog.AspNetCore.RequestLoggingMiddleware HTTP POST /api/acceso/registrar-ingreso → 500 (210159.8ms)
[2026-07-08 13:02:20 INF] Microsoft.AspNetCore.Hosting.Diagnostics Request finished HTTP/2 POST https://localhost:7001/api/acceso/registrar-ingreso - 500 null application/json; charset=utf-8 210255.1851ms
[2026-07-08 13:12:21 INF] Microsoft.AspNetCore.Hosting.Diagnostics Request starting HTTP/2 POST https://localhost:7001/api/acceso/registrar-ingreso - application/json 40
[2026-07-08 13:12:21 INF] Microsoft.AspNetCore.Cors.Infrastructure.CorsService CORS policy execution successful.
[2026-07-08 13:12:21 INF] Microsoft.AspNetCore.Routing.EndpointMiddleware Executing endpoint 'GymAffiliate.Api.Controllers.AccesoController.RegistrarIngreso (GymAffiliate.Api)'
[2026-07-08 13:12:21 INF] Microsoft.AspNetCore.Mvc.Infrastructure.ControllerActionInvoker Route matched with {action = "RegistrarIngreso", controller = "Acceso"}. Executing controller action with signature System.Threading.Tasks.Task`1[Microsoft.AspNetCore.Mvc.IActionResult] RegistrarIngreso(GymAffiliate.Application.DTOs.Requests.RegistrarIngresoRequest, System.Threading.CancellationToken) on controller GymAffiliate.Api.Controllers.AccesoController (GymAffiliate.Api).
[2026-07-08 13:12:21 INF] Microsoft.AspNetCore.Mvc.Infrastructure.ControllerActionInvoker Executing action method GymAffiliate.Api.Controllers.AccesoController.RegistrarIngreso (GymAffiliate.Api) - Validation state: "Valid"
[2026-07-08 13:12:26 INF] Microsoft.AspNetCore.Mvc.Infrastructure.ControllerActionInvoker Executed action method GymAffiliate.Api.Controllers.AccesoController.RegistrarIngreso (GymAffiliate.Api), returned result Microsoft.AspNetCore.Mvc.ObjectResult in 5019.5872ms.
[2026-07-08 13:12:26 INF] Microsoft.AspNetCore.Mvc.Infrastructure.ObjectResultExecutor Executing ObjectResult, writing value of type 'GymAffiliate.Shared.Result.ApiResponse`1[[GymAffiliate.Application.DTOs.Responses.CheckInResponse, GymAffiliate.Application, Version=1.0.0.0, Culture=neutral, PublicKeyToken=null]]'.
[2026-07-08 13:12:26 INF] Microsoft.AspNetCore.Mvc.Infrastructure.ControllerActionInvoker Executed action GymAffiliate.Api.Controllers.AccesoController.RegistrarIngreso (GymAffiliate.Api) in 5067.7632ms
[2026-07-08 13:12:26 INF] Microsoft.AspNetCore.Routing.EndpointMiddleware Executed endpoint 'GymAffiliate.Api.Controllers.AccesoController.RegistrarIngreso (GymAffiliate.Api)'
[2026-07-08 13:12:26 ERR] Serilog.AspNetCore.RequestLoggingMiddleware HTTP POST /api/acceso/registrar-ingreso → 500 (5085.5ms)
[2026-07-08 13:12:26 INF] Microsoft.AspNetCore.Hosting.Diagnostics Request finished HTTP/2 POST https://localhost:7001/api/acceso/registrar-ingreso - 500 null application/json; charset=utf-8 5104.1265ms
